DayCode,DayDate,Acer,Alnus,Ambrosia,Apiaceae,Artemisia,Betula,Cannabaceae,Carpinus,Castanea,Chenopodiaceae,Cichorioideae,Corylus,Cupressaceae,Cyperaceae,Ericaceae,Fabaceae,Fagus,Fraxinus,Juglans,Ligustrum,Liquidambar,Moraceae,Myricaceae,Myrtaceae,Olea,other Asteroideae,other Oleaceae,Papaveraceae,Pinaceae,Plantago,Platanus,Poaceae,Populus,Quercus,Rosaceae,Rumex,Salix,Thalictrum,Tilia,Ulmus,Urticaceae
1,Jan 01,0,0,0,0,0,0,0,0,0,0,0,0,0,0,0,0,0,0,0,0,0,0,0,0,0,0,0,0,0,0,0,0,0,0,0,0,0,0,0,0,0
2,Jan 02,0,0,0,0,0,0,0,0,0,0,0,0,0,0,0,0,0,0,0,0,0,0,0,0,0,0,0,0,0,0,0,0,0,0,0,0,0,0,0,0,0
3,Jan 03,0,0,0,0,0,0,0,0,0,0,0,0,0,0,0,0,0,0,0,0,0,0,0,0,0,0,0,0,0,0,0,0,0,0,0,0,0,0,0,0,0
4,Jan 04,0,0,0,0,0,0,0,0,0,0,0,0,0,0,0,0,0,0,0,0,0,0,0,0,0,0,0,0,0,0,0,0,0,0,0,0,0,0,0,0,0
5,Jan 05,0,0,0,0,0,0,0,0,0,0,0,0,0,0,0,0,0,0,0,0,0,0,0,0,0,0,0,0,0,0,0,0,0,0,0,0,0,0,0,0,0
6,Jan 06,0,0,0,0,0,0,0,0,0,0,0,0,0,0,0,0,0,0,0,0,0,0,0,0,0,0,0,0,0,0,0,0,0,0,0,0,0,0,0,0,0
7,Jan 07,0,0,0,0,0,0,0,0,0,0,0,0,0,0,0,0,0,0,0,0,0,0,0,0,0,0,0,0,0,0,0,0,0,0,0,0,0,0,0,0,0
8,Jan 08,0,0,0,0,0,0,0,0,0,0,0,0,0,0,0,0,0,0,0,0,0,0,0,0,0,0,0,0,0,0,0,0,0,0,0,0,0,0,0,0,0
9,Jan 09,0,0,0,0,0,0,0,0,0,0,0,0,0,0,0,0,0,0,0,0,0,0,0,0,0,0,0,0,0,0,0,0,0,0,0,0,0,0,0,0,0
10,Jan 10,0,0,0,0,0,0,0,0,0,0,0,0,0,0,0,0,0,0,0,0,0,0,0,0,0,0,0,0,0,0,0,0,0,0,0,0,0,0,0,0,0
11,Jan 11,0,0,0,0,0,0,0,0,0,0,0,0,0,0,0,0,0,0,0,0,0,0,0,0,0,0,0,0,0,0,0,0,0,0,0,0,0,0,0,0,0
12,Jan 12,0,0,0,0,0,0,0,0,0,0,0,0,0,0,0,0,0,0,0,0,0,0,0,0,0,0,0,0,0,0,0,0,0,0,0,0,0,0,0,0,0
13,Jan 13,0,0,0,0,0,0,0,0,0,0,0,0,0,0,0,0,0,0,0,0,0,0,0,0,0,0,0,0,0,0,0,0,0,0,0,0,0,0,0,0,0
14,Jan 14,0,0,0,0,0,0,0,0,0,0,0,0,0,0,0,0,0,0,0,0,0,0,0,0,0,0,0,0,0,0,0,0,0,0,0,0,0,0,0,0,0
15,Jan 15,0,0,0,0,0,0,0,0,0,0,0,0,0,0,0,0,0,0,0,0,0,0,0,0,0,0,0,0,0,0,0,0,0,0,0,0,0,0,0,0,0
16,Jan 16,0,0,0,0,0,0,0,0,0,0,0,0,0,0,0,0,0,0,0,0,0,0,0,0,0,0,0,0,0,0,0,0,0,0,0,0,0,0,0,0,0
17,Jan 17,0,0,0,0,0,0,0,0,0,0,0,0,0,0,0,0,0,0,0,0,0,0,0,0,0,0,0,0,0,0,0,0,0,0,0,0,0,0,0,0,0
18,Jan 18,0,0,0,0,0,0,0,0,0,0,0,0,0,0,0,0,0,0,0,0,0,0,0,0,0,0,0,0,0,0,0,0,0,0,0,0,0,0,0,0,0
19,Jan 19,0,0,0,0,0,0,0,0,0,0,0,0,0,0,0,0,0,0,0,0,0,0,0,0,0,0,0,0,0,0,0,0,0,0,0,0,0,0,0,0,0
20,Jan 20,0,0,0,0,0,0,0,0,0,0,0,0,0,0,0,0,0,0,0,0,0,0,0,0,0,0,0,0,0,0,0,0,0,0,0,0,0,0,0,0,0
21,Jan 21,0,0,0,0,0,0,0,0,0,0,0,0,0,0,0,0,0,0,0,0,0,0,0,0,0,0,0,0,0,0,0,0,0,0,0,0,0,0,0,0,0
22,Jan 22,0,0,0,0,0,0,0,0,0,0,0,0,0,0,0,0,0,0,0,0,0,0,0,0,0,0,0,0,0,0,0,0,0,0,0,0,0,0,0,0,0
23,Jan 23,0,0,0,0,0,0,0,0,0,0,0,0,0,0,0,0,0,0,0,0,0,0,0,0,0,0,0,0,0,0,0,0,0,0,0,0,0,0,0,0,0
24,Jan 24,0,0,0,0,0,0,0,0,0,0,0,0,0,0,0,0,0,0,0,0,0,0,0,0,0,0,0,0,0,0,0,0,0,0,0,0,0,0,0,0,0
25,Jan 25,0,0,0,0,0,0,0,0,0,0,0,0,0,0,0,0,0,0,0,0,0,0,0,0,0,0,0,0,0,0,0,0,0,0,0,0,0,0,0,0,0
26,Jan 26,0,0,0,0,0,0,0,0,0,0,0,0,0,0,0,0,0,0,0,0,0,0,0,0,0,0,0,0,0,0,0,0,0,0,0,0,0,0,0,0,0
27,Jan 27,0,0,0,0,0,0,0,0,0,0,0,0,0,0,0,0,0,0,0,0,0,0,0,0,0,0,0,0,0,0,0,0,0,0,0,0,0,0,0,0,0
28,Jan 28,0,0,0,0,0,0,0,0,0,0,0,0,0,0,0,0,0,0,0,0,0,0,0,0,0,0,0,0,0,0,0,0,0,0,0,0,0,0,0,0,0
29,Jan 29,0,0,0,0,0,0,0,0,0,0,0,0,0,0,0,0,0,0,0,0,0,0,0,0,0,0,0,0,0,0,0,0,0,0,0,0,0,0,0,0,0
30,Jan 30,0,0,0,0,0,0,0,0,0,0,0,0,0,0,0,0,0,0,0,0,0,0,0,0,0,0,0,0,0,0,0,0,0,0,0,0,0,0,0,0,0
31,Jan 31,0,0,0,0,0,0,0,0,0,0,0,0,0,0,0,0,0,0,0,0,0,0,0,0,0,0,0,0,0,0,0,0,0,0,0,0,0,0,0,0,0
32,Feb 01,0,0,0,0,0,0,0,0,0,0,0,0,"2,4801587302",0,0,0,0,0,0,0,0,0,0,0,0,0,0,0,0,0,0,0,0,0,0,0,0,0,0,0,0
33,Feb 02,0,0,0,0,0,0,0,0,0,0,0,0,"1,4880952381",0,0,0,0,0,0,0,0,0,0,0,0,0,0,0,0,0,0,0,0,0,0,0,0,0,0,0,0
34,Feb 03,0,0,0,0,0,0,0,0,0,0,0,0,"3,4722222222",0,0,0,0,0,0,0,0,0,0,0,0,0,0,0,0,0,0,0,0,0,0,0,0,0,0,"0,9920634921",0
35,Feb 04,0,0,0,0,0,0,0,0,0,0,0,0,"5,4563492063",0,0,0,0,0,0,0,0,0,0,0,0,0,0,0,0,0,0,0,0,0,0,0,0,0,0,"0,496031746",0
36,Feb 05,0,0,0,0,0,0,0,0,0,0,0,0,"7,4404761905",0,0,0,0,0,0,0,0,0,0,0,0,0,0,0,"0,496031746",0,0,0,0,0,0,0,0,0,0,"1,4880952381",0
37,Feb 06,0,0,0,0,0,0,0,0,0,0,0,0,"4,9603174603",0,0,0,0,0,0,0,0,0,0,0,0,0,0,0,0,0,0,0,0,0,0,0,0,0,0,"0,496031746",0
38,Feb 07,0,0,0,0,0,0,0,0,0,0,0,0,"3,9682539683",0,0,0,0,0,0,0,0,0,0,0,0,0,0,0,0,0,0,0,0,0,0,0,0,0,0,0,0
39,Feb 08,0,0,0,0,0,0,0,0,0,0,0,0,"6,4484126984",0,0,0,0,0,0,0,0,0,0,0,0,0,0,0,0,0,0,0,0,0,0,0,0,0,0,"0,9920634921",0
40,Feb 09,0,0,0,0,0,0,0,0,0,0,0,"0,9920634921","25,7936507937",0,0,0,0,0,0,0,0,0,0,0,0,0,0,0,"0,496031746","0,496031746",0,0,0,0,0,0,0,0,0,"1,9841269841",0
41,Feb 10,0,0,0,0,0,0,0,0,0,0,0,0,"312,5",0,0,0,0,0,0,0,0,0,0,0,0,0,0,0,0,0,0,0,0,0,0,0,0,0,0,"4,9603174603",0
42,Feb 11,0,"6,9444444444",0,0,0,"0,496031746",0,0,0,0,0,"1,4880952381","386,4087301587",0,0,0,0,0,0,0,0,0,0,0,0,0,"0,9920634921",0,0,0,0,"0,496031746",0,0,0,0,"0,496031746",0,0,"11,9047619048","0,496031746"
43,Feb 12,0,0,0,0,0,0,0,0,0,0,0,"0,496031746","54,0674603175",0,0,"0,9920634921",0,0,0,0,0,0,0,0,0,0,0,0,0,0,0,0,0,0,0,0,0,0,0,"2,4801587302","0,496031746"
44,Feb 13,0,0,0,0,0,0,0,0,0,0,0,0,"26,7857142857",0,0,0,0,0,0,0,0,0,0,0,0,0,0,0,0,0,0,0,0,0,0,0,0,0,0,0,0
45,Feb 14,0,0,0,0,0,0,0,0,0,0,0,0,"15,376984127",0,0,0,0,0,0,0,0,0,0,0,0,0,0,0,0,0,0,0,0,0,0,0,0,0,0,0,0
46,Feb 15,0,"3,4722222222",0,0,0,0,0,0,0,0,0,0,"335,3174603175",0,0,"0,9920634921",0,0,0,0,0,"0,496031746",0,0,0,0,0,0,"1,4880952381",0,0,0,0,0,0,0,"2,4801587302",0,0,"20,8333333333","0,9920634921"
47,Feb 16,0,"6,4484126984",0,0,0,0,0,0,0,0,0,"0,496031746","105,6547619048",0,0,"0,9920634921",0,0,0,0,0,0,0,0,0,0,0,0,0,0,"0,496031746",0,0,0,0,0,"4,4642857143",0,0,"14,3849206349","2,9761904762"
48,Feb 17,0,0,0,0,0,0,0,0,0,0,0,0,"118,0555555556",0,0,0,0,0,0,0,0,0,0,0,0,"0,496031746",0,0,0,0,0,0,0,0,0,0,"1,9841269841",0,0,"13,3928571429","1,4880952381"
49,Feb 18,0,"3,9682539683",0,0,0,0,0,0,0,"0,496031746",0,0,"1057,5396825397",0,0,"1,4880952381",0,0,0,0,0,0,0,0,0,0,0,0,0,0,0,0,0,0,0,0,"2,9761904762",0,0,"9,9206349206","0,496031746"
50,Feb 19,0,"2,4801587302",0,0,0,0,0,0,0,0,0,"0,496031746","139,880952381",0,0,"0,496031746",0,0,0,0,0,0,0,0,0,0,0,0,0,0,0,0,"3,4722222222",0,0,0,0,"0,496031746",0,"4,9603174603","4,4642857143"
51,Feb 20,0,"16,8650793651",0,0,0,"0,9920634921",0,0,0,0,0,"1,4880952381","376,9841269841",0,0,"0,9920634921",0,0,0,0,0,0,0,0,0,0,0,0,0,0,0,0,"1,9841269841",0,0,0,"2,9761904762","0,496031746",0,"8,4325396825","0,9920634921"
52,Feb 21,0,"3,4722222222",0,0,0,0,0,0,0,0,0,0,"112,1031746032",0,0,"0,496031746",0,0,0,0,0,0,0,0,0,0,0,0,0,0,0,"0,496031746","1,9841269841",0,0,0,"0,496031746",0,0,"9,4246031746",0
53,Feb 22,0,"1,4880952381",0,0,0,0,0,"0,496031746",0,0,0,"4,4642857143","143,3531746032",0,0,0,0,"0,496031746",0,0,0,0,0,0,0,0,0,0,0,0,0,0,"6,9444444444",0,0,0,"5,9523809524",0,0,"7,4404761905","0,496031746"
54,Feb 23,0,"0,9920634921",0,0,0,0,0,0,0,0,0,"1,4880952381","76,3888888889",0,0,"0,496031746",0,0,0,0,0,0,0,0,0,0,"0,496031746",0,0,0,0,0,"1,4880952381",0,0,0,"13,3928571429",0,0,"1,4880952381",0
55,Feb 24,0,"0,9920634921",0,0,0,0,0,0,0,0,0,"0,496031746","635,9126984127",0,0,0,0,"2,9761904762",0,0,0,0,0,0,0,0,"0,496031746",0,0,0,0,0,"8,9285714286",0,0,0,"15,376984127",0,0,"1,9841269841",0
56,Feb 25,0,"1,9841269841",0,0,0,0,0,0,0,0,0,0,"479,1666666667",0,0,"1,4880952381",0,"4,9603174603",0,0,0,0,0,0,0,0,"1,4880952381",0,"0,9920634921",0,0,0,"5,9523809524",0,0,0,"19,3452380952",0,0,"2,9761904762","3,4722222222"
57,Feb 26,0,"0,9920634921",0,0,0,0,0,"0,496031746",0,0,0,0,"272,3214285714",0,0,"5,9523809524",0,"0,496031746",0,0,0,0,0,0,0,0,"1,9841269841",0,"0,496031746","0,496031746",0,0,"4,4642857143",0,0,0,"48,1150793651",0,0,"0,496031746","2,4801587302"
58,Feb 27,0,0,0,0,0,0,0,0,0,0,0,0,"39,1865079365",0,"0,496031746",0,0,"0,496031746",0,0,0,0,0,0,0,0,"5,9523809524",0,0,0,0,0,"2,4801587302",0,0,0,"4,9603174603",0,0,0,0
59,Feb 28,0,0,0,0,0,0,0,0,0,0,0,0,"211,8055555556",0,"0,496031746","4,4642857143",0,0,0,0,0,0,0,0,0,0,"10,9126984127",0,"0,496031746",0,0,0,"0,9920634921",0,0,0,"9,4246031746",0,0,"0,9920634921",0
60,Feb 29,"0,496031746","0,496031746",0,0,0,0,0,"1,9841269841",0,0,0,"0,496031746","368,0555555556",0,"4,9603174603","5,4563492063",0,0,0,0,"0,9920634921",0,0,0,0,"0,9920634921","1,9841269841",0,"16,369047619",0,"0,9920634921",0,"5,4563492063",0,0,0,"42,6587301587","0,496031746",0,"0,496031746","5,4563492063"
61,Mar 01,0,"0,496031746",0,0,0,0,0,"0,9920634921",0,0,0,0,"230,6547619048",0,"8,9285714286","2,4801587302",0,"5,9523809524",0,0,"1,9841269841",0,0,0,0,0,"3,4722222222",0,"42,1626984127",0,"1,9841269841","0,496031746","17,3611111111",0,"0,496031746",0,"111,1111111111",0,0,"4,4642857143","1,9841269841"
62,Mar 02,0,"1,9841269841",0,0,0,0,0,"0,9920634921",0,0,0,"3,4722222222","192,9563492063",0,0,0,0,"2,4801587302",0,0,"1,4880952381",0,0,0,0,0,"1,4880952381",0,"2,4801587302","0,496031746","1,4880952381",0,"15,376984127",0,0,0,"27,7777777778",0,0,"0,9920634921","3,9682539683"
63,Mar 03,0,"0,9920634921",0,0,0,0,0,"0,9920634921",0,0,0,"1,9841269841","188,4920634921",0,"0,9920634921","1,4880952381",0,"3,9682539683",0,0,"0,9920634921",0,0,0,0,0,"4,4642857143",0,"20,8333333333",0,"2,4801587302","0,9920634921","7,9365079365",0,"0,496031746",0,"39,1865079365",0,0,"4,4642857143","3,9682539683"
64,Mar 04,0,"0,9920634921",0,0,0,"0,496031746",0,0,0,0,0,0,"64,9801587302",0,0,0,0,0,0,0,0,0,0,0,0,0,"0,9920634921",0,"1,9841269841",0,"0,496031746","0,496031746","2,4801587302",0,0,0,"4,9603174603",0,0,0,"0,496031746"
65,Mar 05,"0,9920634921",0,0,0,0,0,0,0,0,0,0,"1,9841269841","98,7103174603",0,0,"1,9841269841",0,"2,9761904762",0,0,"3,4722222222",0,0,0,0,0,0,0,"4,9603174603",0,"1,4880952381",0,"1,4880952381",0,0,0,"7,9365079365",0,0,0,"0,9920634921"
66,Mar 06,"0,9920634921",0,0,0,0,"0,496031746",0,"0,496031746",0,0,0,"0,9920634921","33,2341269841","0,496031746",0,0,0,"8,4325396825",0,0,0,0,0,0,0,0,0,0,"21,8253968254",0,"2,9761904762",0,"0,496031746",0,"0,496031746",0,"11,4087301587",0,0,"0,496031746","2,9761904762"
67,Mar 07,0,0,0,0,0,0,0,"0,496031746",0,0,0,0,"32,8055555556",0,"0,496031746",0,0,"12,4007936508",0,0,"6,9444444444",0,0,0,0,0,"1,4880952381",0,"73,4126984127",0,"19,8412698413","0,496031746",0,0,"0,496031746",0,"54,0674603175","0,9920634921",0,"1,4880952381","1,4880952381"
68,Mar 08,0,0,0,0,0,0,0,0,0,0,0,0,"1,4880952381",0,0,0,0,"0,496031746",0,0,0,"0,9920634921",0,0,0,0,0,0,"3,4722222222",0,"0,496031746",0,"0,496031746",0,0,0,0,0,0,0,0
69,Mar 09,"0,9920634921",0,0,0,0,0,0,"0,9920634921",0,0,0,0,"18,8492063492",0,0,"0,496031746",0,"0,9920634921",0,0,"2,4801587302",0,0,0,0,0,"0,496031746",0,"3,4722222222",0,"7,9365079365",0,"0,496031746",0,0,0,"4,9603174603",0,0,0,"1,4880952381"
70,Mar 10,"0,496031746",0,0,0,0,0,0,0,0,0,0,0,"3,4722222222",0,0,"0,496031746",0,0,0,0,0,"1,4880952381",0,0,0,0,"0,9920634921",0,0,0,0,0,0,0,0,0,0,0,0,0,"0,496031746"
71,Mar 11,"0,9920634921",0,0,0,0,0,0,"12,4007936508",0,0,0,0,"19,3452380952",0,0,0,0,"2,4801587302",0,0,"0,9920634921",0,0,0,0,0,"2,9761904762",0,"18,8492063492",0,"37,2023809524",0,0,0,"0,496031746",0,"5,9523809524","0,9920634921",0,0,"3,4722222222"
72,Mar 12,"2,4801587302",0,0,0,0,0,0,"4,4642857143",0,0,0,0,"16,369047619",0,"0,496031746",0,0,"0,496031746",0,0,"0,496031746",0,0,0,0,0,"0,9920634921",0,"11,4087301587",0,"19,3452380952",0,0,"2,4801587302",0,0,"2,9761904762",0,0,"0,496031746",0
73,Mar 13,"0,9920634921",0,0,0,0,0,0,"0,496031746",0,0,0,0,"12,8968253968",0,"1,4880952381",0,0,0,0,0,0,0,0,0,0,0,"0,496031746",0,"41,1706349206",0,"10,9126984127","0,496031746","0,496031746","2,9761904762",0,0,0,0,0,0,"1,9841269841"
74,Mar 14,0,"0,496031746",0,0,0,0,"0,496031746","2,4801587302",0,0,0,0,"3,4722222222",0,0,0,"0,9920634921",0,0,0,0,0,0,0,0,0,"1,4880952381",0,"5,4563492063",0,"0,496031746",0,"0,496031746",0,0,0,0,0,0,0,"0,496031746"
75,Mar 15,"1,4880952381","0,9920634921",0,0,0,"0,496031746",0,"2,4801587302",0,0,0,0,"1,9841269841",0,0,0,0,0,0,0,0,"0,496031746",0,0,0,0,"0,9920634921",0,"1,4880952381",0,"3,9682539683",0,"0,496031746",0,"0,496031746",0,0,0,0,0,"0,496031746"
76,Mar 16,0,"1,9841269841",0,0,0,0,0,"7,4404761905",0,0,0,0,"6,9444444444",0,0,"3,4722222222",0,"1,4880952381",0,0,"0,9920634921","0,9920634921",0,0,0,0,"4,4642857143",0,"16,8650793651",0,"16,8650793651",0,"0,496031746","1,4880952381",0,0,"3,9682539683",0,0,"0,9920634921","1,4880952381"
77,Mar 17,"0,9920634921","0,496031746",0,0,0,"0,496031746",0,"5,4563492063",0,0,0,0,"1,4880952381",0,0,0,0,0,0,0,0,0,0,0,0,0,"0,496031746",0,"11,9047619048",0,"46,130952381","0,496031746",0,"2,4801587302","0,9920634921",0,"0,496031746",0,0,"0,9920634921","4,9603174603"
78,Mar 18,"0,496031746","0,496031746",0,0,0,0,0,"0,496031746",0,0,0,0,"4,4642857143",0,"0,496031746",0,0,0,0,0,0,0,0,0,0,0,"2,4801587302",0,"17,8571428571",0,"90,2777777778",0,"0,9920634921",0,0,0,0,0,0,0,"6,9444444444"
79,Mar 19,"1,4880952381","0,9920634921",0,0,0,"0,496031746",0,"31,25",0,0,0,0,"76,3888888889",0,0,0,0,0,0,0,"0,9920634921","0,9920634921",0,0,0,0,"1,4880952381",0,"46,130952381",0,"36,2103174603","0,496031746","1,9841269841",0,0,0,"0,9920634921",0,0,0,"7,9365079365"
80,Mar 20,"17,8571428571","6,4484126984",0,0,0,"0,9920634921",0,"49,1071428571",0,0,0,"0,496031746","37,6984126984",0,0,0,"0,496031746",0,0,0,"0,496031746","5,4563492063",0,0,0,0,0,0,"29,7619047619",0,"125,9920634921","0,496031746","0,496031746","2,9761904762",0,0,"0,9920634921",0,0,0,"12,4007936508"
81,Mar 21,"10,9126984127","1,4880952381",0,0,0,"0,496031746",0,"22,3214285714",0,"1,4880952381",0,"0,9920634921","36,7063492063",0,"0,496031746",0,"1,4880952381",0,0,0,"0,496031746","28,7698412698",0,0,"1,4880952381",0,"4,4642857143",0,"30,2579365079",0,"141,369047619","0,9920634921",0,"9,9206349206",0,0,0,0,0,0,"13,8888888889"
82,Mar 22,"4,4642857143","1,9841269841",0,0,0,0,0,"29,2658730159",0,"0,496031746",0,"0,9920634921","123,0158730159",0,"0,9920634921","0,496031746","0,496031746",0,0,0,"1,9841269841","30,753968254",0,0,"0,9920634921",0,"2,4801587302",0,"136,4087301587",0,"317,4603174603","3,9682539683","1,9841269841","47,123015873","0,496031746",0,0,0,0,"0,496031746","17,8571428571"
83,Mar 23,"41,1706349206","1,4880952381",0,0,0,0,0,"71,9246031746",0,0,0,0,"226,1904761905",0,"0,9920634921","0,496031746","0,496031746",0,0,0,0,"12,4007936508",0,0,"0,9920634921",0,0,0,"676,0912698413",0,"575,8928571429","2,4801587302",0,"82,8373015873",0,0,0,0,0,0,"6,9444444444"
84,Mar 24,"27,7777777778",0,0,0,0,0,0,"71,9246031746",0,0,0,0,"40,1785714286",0,0,0,0,0,0,0,0,"4,4642857143",0,0,0,0,0,0,"159,2261904762",0,"169,1468253968",0,0,"49,6031746032",0,0,0,0,0,0,"8,9285714286"
85,Mar 25,"0,496031746","0,496031746",0,0,0,0,0,"35,7142857143",0,0,0,0,0,0,0,0,"0,496031746",0,"0,496031746",0,0,"2,9761904762",0,0,0,0,0,0,"30,2579365079",0,"20,3373015873","0,9920634921","1,9841269841","2,9761904762","0,496031746",0,0,0,0,0,"5,9523809524"
86,Mar 26,"2,4801587302","0,496031746",0,0,0,0,0,"8,4325396825",0,0,0,0,"0,496031746",0,0,0,"0,496031746",0,0,0,0,"1,4880952381",0,0,"0,9920634921",0,"0,496031746",0,"31,25","0,496031746","53,0753968254","0,496031746",0,"12,4007936508",0,0,0,0,0,0,"3,9682539683"
87,Mar 27,"0,496031746",0,0,0,0,0,0,"3,9682539683",0,0,0,0,"2,9761904762",0,0,0,"0,496031746",0,0,0,0,"7,4404761905",0,0,0,0,0,0,"7,9365079365","0,496031746","16,8650793651",0,0,"3,4722222222",0,0,0,0,0,0,"2,4801587302"
88,Mar 28,"3,4722222222",0,0,0,0,0,0,"4,9603174603",0,0,0,0,"4,9603174603",0,0,0,0,0,0,0,0,"20,8333333333",0,0,"0,9920634921",0,0,0,"35,7142857143",0,"83,3333333333","0,496031746","2,4801587302","1,9841269841",0,0,0,0,0,0,"10,9126984127"
89,Mar 29,"0,496031746",0,0,0,0,0,0,"23,3134920635",0,0,0,0,"6,4484126984",0,"0,9920634921",0,0,0,0,0,0,"18,3531746032",0,0,"0,496031746",0,0,0,"57,0436507937","4,9603174603","196,9246031746","0,496031746",0,"13,8888888889",0,0,0,0,0,0,"50,0992063492"
90,Mar 30,0,0,0,0,0,0,"1,4880952381","5,9523809524",0,0,0,0,"11,4087301587",0,0,0,"1,4880952381",0,0,0,0,"18,8492063492",0,0,"0,496031746",0,0,0,"15,376984127",0,"41,6666666667","0,9920634921",0,"2,9761904762",0,0,0,0,0,0,"32,2420634921"
91,Mar 31,0,0,0,0,0,0,"0,9920634921","12,8968253968",0,0,0,0,"52,5793650794",0,0,"0,496031746",0,0,0,0,0,"10,4166666667",0,0,0,"0,496031746",0,0,"7,4404761905","0,496031746","45,6349206349","0,9920634921",0,"7,9365079365",0,0,0,"1,4880952381",0,0,"51,5873015873"
92,Apr 01,"1,9841269841",0,0,0,0,0,"0,9920634921","9,9206349206",0,0,0,0,"26,7857142857",0,0,0,0,0,0,0,0,"13,8888888889",0,0,"0,496031746",0,0,0,"11,4087301587","0,9920634921","37,6984126984",0,"0,9920634921","3,4722222222",0,0,0,0,0,0,"36,2103174603"
93,Apr 02,"13,8888888889",0,0,0,0,0,"1,9841269841","48,6111111111",0,0,0,0,"58,0357142857",0,0,0,0,0,0,0,0,"10,9126984127",0,0,"0,496031746",0,0,0,"21,8253968254",0,"41,6666666667",0,"0,496031746","11,9047619048",0,0,0,0,0,0,"87,3015873016"
94,Apr 03,"18,3531746032",0,0,0,0,0,"2,9761904762","84,8214285714",0,0,0,0,"43,6507936508",0,0,"3,9682539683",0,0,0,0,0,"38,6904761905",0,0,"1,4880952381",0,0,0,"161,2103174603",0,"144,3452380952","0,9920634921","2,4801587302","65,9722222222",0,0,0,0,0,0,"97,2222222222"
95,Apr 04,"3,4722222222",0,0,0,0,0,"2,9761904762","30,753968254",0,0,0,0,"26,7857142857",0,0,0,0,0,"0,9920634921",0,0,"84,3253968254",0,0,"0,496031746","0,496031746","0,496031746",0,"69,9404761905",0,"128,4722222222",0,"5,9523809524","63,4920634921",0,0,0,0,0,0,"112,5992063492"
96,Apr 05,0,0,0,0,0,0,"2,4801587302","73,4126984127",0,0,0,0,"57,0436507937",0,0,0,0,0,0,0,0,"33,2341269841",0,0,0,"0,496031746","0,496031746",0,"47,619047619",0,"171,626984127","0,496031746","5,4563492063","77,380952381",0,0,0,0,0,0,"576,3888888889"
97,Apr 06,0,0,0,0,0,0,"3,4722222222","30,753968254",0,0,0,0,"100,6944444444","0,496031746",0,0,"1,9841269841",0,0,0,0,"5,9523809524",0,0,0,0,0,0,"21,3293650794",0,"49,6031746032",0,0,"45,6349206349",0,0,0,0,0,0,"686,0119047619"
98,Apr 07,"9,4246031746",0,0,0,0,0,"1,9841269841","40,6746031746",0,0,0,0,"36,7063492063",0,0,0,0,0,"1,9841269841",0,0,"19,8412698413",0,0,"0,496031746","0,9920634921",0,0,"19,8412698413",0,"39,1865079365",0,"1,9841269841","48,6111111111",0,0,0,0,0,0,"397,8174603175"
99,Apr 08,0,0,0,0,0,0,"1,4880952381","16,369047619",0,0,0,0,"42,1626984127",0,"0,496031746",0,0,0,"1,9841269841",0,0,"11,9047619048",0,0,"0,9920634921","0,496031746",0,0,"54,0674603175","1,9841269841","58,0357142857",0,"2,4801587302","85,3174603175",0,"0,496031746",0,"0,9920634921",0,0,"313,4920634921"
100,Apr 09,0,0,0,0,0,0,0,"17,8571428571",0,0,0,0,"23,8095238095",0,0,"0,9920634921","0,9920634921",0,"0,9920634921",0,0,"8,4325396825",0,0,0,0,0,0,"29,7619047619","0,496031746","56,5476190476","0,496031746",0,"141,369047619",0,0,0,0,0,0,"279,7619047619"
101,Apr 10,"6,4484126984",0,0,0,0,0,"1,4880952381","23,8095238095",0,0,0,0,"14,880952381",0,0,"0,496031746","2,9761904762",0,"0,496031746",0,0,"14,880952381",0,0,"2,4801587302",0,0,0,"14,880952381",0,"10,9126984127",0,0,"62,996031746",0,0,0,0,0,0,"319,4444444444"
102,Apr 11,"0,496031746",0,0,0,0,0,"1,4880952381","20,3373015873",0,0,0,0,"78,869047619","0,9920634921",0,"0,9920634921","0,496031746",0,"0,9920634921",0,0,0,0,0,"3,9682539683",0,0,0,"70,4365079365","0,496031746","4,4642857143","0,9920634921",0,"177,5793650794",0,0,0,"0,9920634921",0,0,"168,6507936508"
103,Apr 12,0,0,0,0,0,0,0,"90,2777777778",0,"0,9920634921",0,0,"72,9166666667",0,0,0,"3,9682539683",0,"1,4880952381",0,0,"3,9682539683",0,0,"2,4801587302",0,"0,496031746",0,"38,6904761905","2,4801587302","1,9841269841","0,9920634921",0,"237,1031746032",0,0,0,"0,496031746",0,0,"280,2579365079"
104,Apr 13,0,0,0,0,0,0,"0,9920634921","114,0873015873",0,0,0,0,"92,7579365079","0,9920634921",0,0,"3,9682539683",0,"0,496031746",0,0,"0,9920634921",0,0,"2,4801587302",0,0,0,"4,9603174603","0,496031746","7,9365079365","0,496031746","0,496031746","194,4444444444",0,0,0,"0,496031746",0,0,"166,1706349206"
105,Apr 14,0,0,0,0,0,0,"0,496031746","57,5396825397",0,0,0,0,"75,3968253968",0,0,0,"1,9841269841",0,"0,9920634921",0,0,"2,4801587302",0,0,"7,4404761905",0,0,0,"9,4246031746",0,"3,9682539683","0,496031746","1,4880952381","433,5317460317",0,"0,496031746",0,"0,9920634921",0,0,"187,996031746"
106,Apr 15,0,0,0,0,0,0,0,"26,2896825397",0,0,0,0,"29,2658730159",0,0,0,0,0,0,0,0,0,0,0,"2,9761904762",0,0,0,"6,4484126984","0,496031746","2,9761904762",0,0,"185,5158730159",0,"0,496031746",0,"0,9920634921",0,0,"80,3571428571"
107,Apr 16,0,0,0,0,0,0,0,"5,9523809524",0,0,0,0,"35,7142857143",0,0,0,"4,4642857143",0,"0,496031746",0,0,0,0,0,"1,4880952381",0,0,0,"0,496031746",0,0,0,0,"86,3095238095",0,0,0,0,0,0,"52,5793650794"
108,Apr 17,0,0,0,0,0,0,"1,9841269841","9,9206349206",0,0,0,0,"38,1944444444",0,0,0,0,0,0,0,0,0,0,0,0,0,0,0,"0,496031746",0,"0,496031746",0,0,"164,6825396825",0,0,0,0,0,0,"56,0515873016"
109,Apr 18,0,0,0,0,0,0,"1,4880952381","3,9682539683",0,0,0,0,"23,8095238095",0,0,0,0,0,"0,496031746",0,0,0,0,0,"1,9841269841",0,0,0,"2,4801587302","0,496031746",0,0,"0,496031746","93,75",0,0,0,"0,9920634921",0,0,"51,0912698413"
110,Apr 19,0,0,0,"0,496031746",0,0,"1,4880952381","0,9920634921",0,0,0,0,"16,369047619","1,4880952381",0,0,"13,8888888889",0,"3,4722222222",0,0,0,0,0,"4,9603174603",0,0,0,"4,4642857143","2,4801587302","1,4880952381","1,4880952381",0,"329,3650793651",0,"1,4880952381",0,"1,9841269841",0,0,"69,4444444444"
111,Apr 20,0,0,0,"0,9920634921",0,0,"2,4801587302","16,8650793651",0,0,0,0,"40,6746031746",0,0,0,"1,4880952381",0,"1,9841269841",0,0,0,0,0,"8,4325396825","0,496031746",0,0,"50,0992063492","3,9682539683","0,9920634921","1,9841269841",0,"670,1388888889",0,0,0,"2,4801587302",0,0,"56,5476190476"
112,Apr 21,0,0,0,0,0,0,0,"32,2420634921",0,0,0,0,"34,7222222222",0,0,0,"0,496031746",0,"0,496031746",0,0,0,0,0,"2,9761904762","0,496031746",0,0,"12,8968253968","0,9920634921","8,4325396825","1,4880952381",0,"204,3650793651",0,"1,9841269841",0,"0,496031746",0,0,"21,3293650794"
113,Apr 22,0,0,0,0,0,0,0,"18,8492063492",0,0,0,0,"24,8015873016",0,0,0,"0,496031746",0,0,0,0,"0,9920634921",0,0,"3,9682539683",0,0,0,"15,376984127","4,9603174603","1,4880952381","1,9841269841",0,"260,9126984127",0,"0,496031746",0,"1,4880952381",0,0,"23,3134920635"
114,Apr 23,0,0,0,"0,496031746",0,0,0,"9,9206349206",0,0,0,0,"40,1785714286",0,0,0,0,0,"0,496031746",0,0,0,0,0,"0,496031746",0,0,0,"8,4325396825","3,4722222222","0,496031746","1,4880952381",0,"183,5317460317",0,"0,496031746",0,0,0,0,"23,8095238095"
115,Apr 24,0,0,0,0,0,0,0,"1,4880952381",0,0,0,0,"7,4404761905",0,0,0,0,0,0,0,0,0,0,0,0,"0,496031746",0,0,"1,9841269841",0,"0,9920634921","2,4801587302",0,"51,5873015873",0,"1,4880952381",0,"0,496031746",0,0,"8,9285714286"
116,Apr 25,0,0,0,"0,9920634921",0,0,0,"2,9761904762",0,0,0,0,"3,4722222222",0,0,"0,9920634921","0,9920634921",0,0,0,0,0,0,0,"4,9603174603",0,0,0,"12,8968253968","0,496031746","0,9920634921","1,4880952381",0,"57,5396825397",0,0,0,"1,4880952381",0,0,"15,376984127"
117,Apr 26,0,0,0,0,0,0,"0,496031746","3,9682539683",0,0,0,0,"8,4325396825",0,0,0,"0,9920634921",0,0,0,0,0,0,0,"1,9841269841","0,9920634921",0,0,"11,4087301587","0,496031746","1,9841269841","2,4801587302",0,"74,4047619048",0,0,0,"1,9841269841",0,0,"25,7936507937"
118,Apr 27,0,0,0,"0,496031746",0,0,0,"3,9682539683",0,0,0,0,"6,4484126984",0,0,0,"0,496031746",0,0,0,0,0,0,0,"0,496031746","0,496031746",0,0,"2,4801587302","0,496031746","0,496031746","2,4801587302",0,"23,3134920635",0,"0,9920634921",0,"1,4880952381",0,0,"8,9285714286"
119,Apr 28,0,0,0,0,0,0,0,"5,4563492063",0,0,0,0,"4,9603174603",0,0,0,0,0,0,0,0,0,0,0,"11,4087301587",0,0,0,"4,4642857143","1,9841269841",0,"8,9285714286",0,"51,0912698413",0,"0,9920634921",0,"0,496031746",0,0,"9,4246031746"
120,Apr 29,0,0,0,0,0,0,0,"2,4801587302",0,0,0,0,"2,4801587302",0,0,"0,496031746",0,0,0,0,0,0,0,0,"0,9920634921",0,0,0,"2,9761904762",0,"0,9920634921","1,4880952381",0,"30,753968254",0,0,0,0,0,0,"17,8571428571"
121,Apr 30,0,0,0,0,0,0,"0,496031746",0,0,0,0,0,"2,4801587302",0,0,"0,496031746",0,0,0,0,0,0,0,0,"2,4801587302",0,0,0,"1,9841269841",0,0,0,0,"12,8968253968",0,"3,4722222222",0,0,0,0,"5,9523809524"
122,May 01,0,0,0,0,0,0,0,"2,9761904762",0,0,0,0,"3,4722222222",0,0,0,0,0,0,0,0,0,0,0,"10,9126984127",0,0,0,"11,9047619048","0,9920634921",0,"3,4722222222",0,"40,6746031746",0,"1,4880952381",0,"1,4880952381",0,0,"11,4087301587"
123,May 02,0,0,0,0,0,0,0,0,0,0,0,0,"1,4880952381",0,0,0,0,0,0,0,0,0,0,0,"5,9523809524",0,0,0,"6,4484126984","3,4722222222",0,"2,4801587302",0,"19,3452380952",0,0,0,0,0,0,"11,9047619048"
124,May 03,0,0,0,0,0,0,"0,496031746",0,0,0,0,0,"0,496031746",0,0,0,"0,496031746",0,"0,496031746",0,0,0,0,0,"0,9920634921",0,0,0,"0,496031746",0,0,0,0,"5,9523809524",0,"0,496031746",0,0,0,0,"17,3611111111"
125,May 04,0,0,0,0,0,0,0,"0,496031746",0,0,0,0,"0,496031746",0,0,0,0,0,0,0,0,0,0,0,"2,4801587302",0,0,0,"4,9603174603",0,"0,496031746","4,4642857143",0,"7,9365079365",0,0,0,0,0,0,"7,4404761905"
126,May 05,0,0,0,0,0,0,0,0,0,0,0,0,0,0,0,0,0,0,0,0,0,0,0,0,"3,4722222222",0,0,0,"7,4404761905",0,0,"2,9761904762",0,"8,9285714286",0,"1,9841269841",0,0,0,0,"7,9365079365"
127,May 06,0,0,0,0,0,0,0,"1,9841269841",0,0,0,0,0,0,0,0,0,0,0,0,0,0,0,0,"5,4563492063",0,0,0,"6,9444444444","0,9920634921",0,"1,4880952381",0,"5,9523809524",0,"0,496031746",0,0,0,0,"4,9603174603"
128,May 07,0,0,0,0,0,0,0,"0,496031746",0,0,0,0,0,0,0,0,0,0,0,0,0,0,0,0,"5,4563492063",0,0,0,"1,9841269841","0,496031746",0,"2,4801587302",0,"10,9126984127",0,0,0,"0,496031746",0,0,"4,9603174603"
129,May 08,0,0,0,0,0,0,0,"0,496031746",0,"0,496031746",0,0,0,0,0,0,0,0,0,0,0,0,0,0,"15,376984127",0,0,0,"0,9920634921","0,9920634921",0,"2,9761904762",0,"10,9126984127",0,0,0,"0,496031746",0,0,"3,9682539683"
130,May 09,0,0,0,0,0,0,0,"0,496031746",0,0,0,0,"1,4880952381",0,0,0,0,0,0,0,0,0,0,0,"15,873015873",0,0,0,"1,4880952381","3,9682539683",0,"11,9047619048",0,"4,9603174603",0,0,0,"0,9920634921",0,0,"19,8412698413"
131,May 10,0,0,0,0,0,0,0,"0,496031746",0,0,0,0,"4,4642857143",0,0,0,0,0,0,0,0,0,0,0,"47,619047619","0,496031746",0,0,"7,4404761905","0,9920634921",0,"20,3373015873",0,"14,880952381",0,0,0,"0,496031746",0,0,"17,8571428571"
132,May 11,0,0,0,0,0,0,0,"0,496031746",0,0,0,0,"2,9761904762",0,0,0,0,0,0,0,0,0,0,0,"4,9603174603",0,0,0,"1,9841269841",0,0,"5,4563492063",0,"3,4722222222",0,"0,496031746",0,0,0,0,"1,4880952381"
133,May 12,0,0,0,0,0,0,0,0,0,0,0,0,"3,4722222222",0,0,0,0,0,0,0,0,0,0,0,"38,1944444444","0,496031746",0,0,"2,4801587302","1,4880952381",0,"13,8888888889",0,"18,8492063492",0,"0,496031746",0,0,0,0,"3,4722222222"
134,May 13,0,0,0,0,0,0,0,0,0,"0,9920634921",0,0,0,0,0,0,0,0,0,0,0,0,0,0,"7,4404761905",0,0,0,"4,4642857143","2,4801587302","0,496031746","3,4722222222",0,"6,4484126984",0,"2,4801587302",0,0,0,0,"11,4087301587"
135,May 14,0,0,0,0,0,0,0,"0,496031746",0,"2,9761904762",0,0,"1,9841269841",0,0,0,0,0,0,0,0,0,0,0,"21,3293650794",0,0,0,"4,4642857143","1,4880952381",0,"9,4246031746",0,"13,3928571429",0,0,0,0,"0,496031746",0,"12,8968253968"
136,May 15,0,0,0,0,0,0,0,0,0,0,0,0,0,"0,496031746",0,0,0,0,0,0,0,0,0,0,"5,9523809524",0,0,0,0,0,0,0,0,"1,4880952381",0,"0,9920634921",0,0,0,0,"4,9603174603"
137,May 16,0,0,0,0,0,0,0,0,0,"0,496031746",0,0,"1,9841269841",0,0,0,0,0,"0,496031746",0,0,0,0,0,"10,9126984127",0,0,0,"4,9603174603","0,9920634921",0,"11,9047619048",0,"6,9444444444",0,"4,9603174603",0,"3,4722222222",0,0,"5,9523809524"
138,May 17,0,0,0,0,0,0,0,0,0,"0,9920634921",0,0,"2,9761904762",0,0,0,0,0,0,0,0,0,0,0,"10,4166666667",0,0,0,"3,4722222222","2,4801587302",0,"20,8333333333",0,"10,4166666667",0,"2,9761904762",0,"2,9761904762","0,496031746",0,"13,8888888889"
139,May 18,0,0,0,"0,496031746",0,0,0,0,0,"1,9841269841",0,0,"0,496031746",0,0,0,0,0,"0,496031746",0,0,0,0,0,"14,880952381",0,0,"0,496031746","3,4722222222","0,496031746",0,"23,8095238095",0,"5,4563492063",0,"1,9841269841",0,"0,496031746",0,0,"12,4007936508"
140,May 19,0,0,0,0,0,0,0,0,0,0,0,0,"1,4880952381",0,0,0,0,0,0,0,0,0,0,0,"15,376984127",0,0,0,"13,3928571429","6,4484126984",0,"24,3055555556",0,"22,3214285714",0,0,0,"0,496031746",0,0,"14,880952381"
141,May 20,0,0,0,0,0,0,0,0,0,0,0,0,"0,9920634921",0,0,0,0,0,0,0,0,0,0,0,"18,8492063492",0,0,0,"6,4484126984","1,4880952381",0,"4,9603174603",0,"31,25",0,"0,9920634921",0,"0,496031746",0,0,"13,8888888889"
142,May 21,0,0,0,0,0,0,0,"0,496031746",0,0,0,0,0,0,0,0,0,0,0,0,0,0,0,0,"3,4722222222",0,0,0,"1,4880952381","0,496031746",0,"0,496031746",0,"2,9761904762",0,"2,9761904762",0,"0,496031746",0,0,"4,4642857143"
143,May 22,0,0,0,0,0,0,0,"1,4880952381",0,"0,496031746","0,496031746",0,"0,9920634921","0,496031746",0,0,0,0,0,0,0,0,0,0,"0,496031746",0,0,0,"6,4484126984","1,9841269841","0,496031746","15,376984127",0,"1,4880952381",0,0,0,0,0,0,"26,2896825397"
144,May 23,0,0,0,"0,496031746",0,0,"0,496031746",0,0,"0,496031746",0,0,"0,496031746","0,9920634921",0,0,0,0,0,0,0,0,0,0,"2,4801587302",0,0,0,"26,2896825397","0,9920634921",0,"9,9206349206",0,"0,496031746",0,"2,9761904762",0,0,0,0,"12,8968253968"
145,May 24,0,0,0,0,0,0,"0,9920634921","0,496031746",0,0,0,0,"1,9841269841",0,0,0,0,0,0,0,0,0,0,0,"1,9841269841",0,0,0,"8,9285714286","1,9841269841",0,"3,9682539683",0,"5,4563492063",0,"2,4801587302",0,0,0,0,"3,9682539683"
146,May 25,0,0,0,0,0,0,0,0,0,0,0,0,0,0,0,0,0,0,0,0,0,0,0,0,0,0,0,0,"1,4880952381","0,496031746",0,"1,4880952381",0,"0,496031746",0,"0,496031746",0,0,0,0,"2,9761904762"
147,May 26,0,0,0,0,0,0,0,0,0,"0,496031746","0,496031746",0,"0,9920634921",0,0,"0,496031746",0,0,0,0,0,0,0,0,0,0,0,0,"5,9523809524",0,0,"2,9761904762",0,"2,9761904762",0,"1,4880952381",0,"1,4880952381",0,0,"1,4880952381"
148,May 27,0,0,0,0,0,0,0,0,0,0,0,0,"1,4880952381",0,0,0,0,0,0,0,0,0,0,0,0,0,0,0,"8,9285714286",0,0,"4,9603174603",0,0,0,"1,4880952381",0,0,0,0,"11,9047619048"
149,May 28,0,0,0,0,0,0,0,0,0,0,0,0,"0,496031746",0,0,0,0,0,0,0,0,0,0,0,0,0,0,0,"1,9841269841","0,496031746",0,"0,496031746",0,0,0,"0,496031746",0,0,0,0,"1,4880952381"
150,May 29,0,0,0,0,0,0,0,0,0,0,0,0,0,0,0,0,0,0,0,0,0,0,0,0,0,0,0,0,"0,9920634921",0,0,"1,9841269841",0,0,0,0,0,0,0,0,"3,9682539683"
151,May 30,0,0,0,0,0,0,"0,9920634921",0,0,0,0,0,"0,9920634921",0,0,0,0,0,0,0,0,0,0,0,"0,9920634921",0,0,0,"45,6349206349","2,9761904762",0,"10,4166666667",0,"14,880952381",0,"0,496031746",0,"2,4801587302",0,0,"4,4642857143"
152,May 31,0,0,0,0,0,0,0,0,0,0,0,0,"1,4880952381",0,0,0,0,0,0,0,0,0,0,0,0,"0,496031746",0,0,"29,2658730159","1,9841269841",0,"2,4801587302",0,"4,4642857143",0,0,0,0,0,0,"2,4801587302"
153,Jun 01,0,0,0,0,0,0,0,0,0,"0,496031746",0,0,0,"0,496031746",0,0,0,0,0,0,0,0,0,0,0,0,0,0,"10,9126984127","3,9682539683",0,"14,880952381",0,"0,9920634921",0,"3,9682539683",0,0,0,0,"10,9126984127"
154,Jun 02,0,0,0,"0,496031746",0,0,"3,4722222222",0,0,0,0,0,0,0,0,0,0,0,0,0,0,0,0,0,0,0,0,0,"8,9285714286","2,4801587302","0,496031746","3,9682539683",0,"1,9841269841",0,"4,4642857143",0,0,0,0,"6,4484126984"
155,Jun 03,0,0,0,0,0,0,"1,9841269841","0,496031746",0,0,0,0,"0,9920634921",0,0,0,0,0,0,0,0,0,0,0,0,"0,496031746",0,0,"1,9841269841",0,0,"1,9841269841",0,"0,9920634921",0,"0,496031746",0,0,0,0,"0,9920634921"
156,Jun 04,0,0,0,0,0,0,0,0,0,0,0,0,0,0,0,0,0,0,0,0,0,0,0,0,0,0,0,0,0,0,0,"1,4880952381",0,"1,4880952381",0,"0,496031746",0,0,0,0,"0,9920634921"
157,Jun 05,0,0,0,0,0,0,"1,4880952381",0,0,0,0,0,0,0,0,0,0,0,0,0,0,0,0,0,0,0,0,0,0,0,0,"0,496031746",0,0,0,0,0,0,0,0,"0,496031746"
158,Jun 06,0,0,0,"0,496031746",0,0,"2,4801587302",0,"0,496031746",0,0,0,"0,496031746",0,0,0,0,0,0,0,0,0,0,0,0,0,0,0,"1,9841269841",0,0,"2,4801587302",0,0,"0,496031746",0,0,0,0,0,"0,496031746"
159,Jun 07,0,0,0,0,0,0,"4,4642857143",0,0,0,0,0,"0,496031746",0,0,0,0,0,0,0,0,0,0,0,0,0,0,0,"3,9682539683","0,9920634921",0,"1,9841269841",0,0,0,"2,9761904762",0,0,0,0,"1,9841269841"
160,Jun 08,0,0,0,0,0,0,0,0,"3,4722222222",0,0,0,0,0,0,0,0,0,0,0,0,0,0,0,0,0,0,0,"1,9841269841",0,0,"2,9761904762",0,0,0,0,0,0,0,0,"0,9920634921"
161,Jun 09,0,0,0,0,0,0,"1,4880952381",0,"13,3928571429",0,0,0,"0,496031746",0,0,0,0,0,0,0,0,0,0,0,0,0,0,0,"2,9761904762","1,4880952381",0,"1,9841269841",0,"0,496031746",0,"1,4880952381",0,0,0,0,"1,4880952381"
162,Jun 10,0,0,0,0,0,0,0,0,0,0,0,0,0,0,0,0,0,0,0,0,0,0,0,0,0,0,0,0,"3,9682539683","1,9841269841",0,"2,9761904762",0,0,0,"0,496031746",0,0,0,0,"8,9285714286"
163,Jun 11,0,0,0,"0,9920634921",0,0,"0,496031746",0,0,0,0,0,"0,496031746",0,0,"0,496031746",0,0,0,0,0,0,0,0,0,0,0,0,"1,9841269841",0,0,"0,9920634921",0,0,0,"0,496031746",0,0,0,0,"1,4880952381"
164,Jun 12,0,0,0,0,0,0,0,0,"1,9841269841",0,0,0,0,0,0,0,0,0,0,"0,496031746",0,0,0,0,0,0,0,0,"1,4880952381",0,0,0,0,"0,496031746",0,0,0,0,0,0,"0,496031746"
165,Jun 13,0,0,0,0,0,0,"2,4801587302",0,"0,9920634921","0,496031746",0,0,0,"0,9920634921",0,"0,496031746",0,0,0,0,0,0,0,0,"0,496031746",0,0,0,"5,4563492063","0,9920634921",0,"3,4722222222",0,"1,4880952381",0,0,0,0,0,0,"2,9761904762"
166,Jun 14,0,0,0,0,0,0,"0,9920634921",0,"1,4880952381",0,0,0,"0,496031746",0,0,0,0,0,0,0,0,0,0,0,0,0,0,0,"2,9761904762","2,4801587302",0,"1,4880952381",0,0,0,"0,9920634921",0,0,0,0,"3,4722222222"
167,Jun 15,0,0,0,0,0,0,"0,9920634921",0,"0,496031746","0,496031746",0,0,0,0,0,0,0,0,0,"0,496031746",0,0,0,0,0,0,0,0,0,"0,496031746",0,"1,4880952381",0,0,0,"0,496031746",0,0,0,0,"1,9841269841"
168,Jun 16,0,0,0,0,0,0,"2,4801587302",0,"1,4880952381",0,0,0,0,0,0,0,0,0,0,"0,496031746",0,0,0,0,0,0,0,0,"1,9841269841","0,9920634921",0,"0,9920634921",0,0,0,"0,9920634921",0,0,0,0,0
169,Jun 17,0,0,0,0,0,0,0,0,"1,9841269841",0,0,0,0,0,0,0,0,0,0,0,0,0,0,0,0,"0,496031746",0,0,"2,9761904762","0,9920634921",0,"1,4880952381",0,"1,4880952381",0,"0,496031746",0,0,0,0,"0,496031746"
170,Jun 18,0,0,0,"0,496031746",0,0,"0,9920634921",0,"0,9920634921","0,496031746",0,0,0,0,0,0,0,0,0,0,0,0,0,0,"0,9920634921","0,496031746",0,0,"2,9761904762","0,9920634921",0,"1,4880952381",0,"0,496031746",0,0,0,0,0,0,"1,4880952381"
171,Jun 19,0,0,0,0,0,0,"2,4801587302",0,"1,9841269841",0,0,0,0,0,0,0,0,0,0,0,0,0,0,0,0,0,0,0,0,0,0,"0,496031746",0,0,0,0,0,0,0,0,"1,4880952381"
172,Jun 20,0,0,0,0,0,0,"0,496031746",0,"0,9920634921",0,0,0,0,0,0,0,0,0,0,0,0,0,0,0,0,0,0,0,0,"1,4880952381",0,"0,496031746",0,0,0,0,0,0,0,0,"1,9841269841"
173,Jun 21,0,0,0,0,0,0,0,0,0,0,0,0,"0,9920634921",0,0,0,0,0,0,"0,496031746",0,0,0,0,0,0,0,0,0,"0,496031746",0,0,0,"0,496031746",0,0,0,0,0,0,"0,9920634921"
174,Jun 22,0,0,0,0,0,0,0,0,0,0,0,0,0,0,0,0,0,0,0,0,0,0,0,0,0,0,0,0,0,0,0,"0,9920634921",0,0,0,0,0,0,0,0,"1,9841269841"
175,Jun 23,0,0,0,"0,496031746",0,0,0,0,0,0,0,0,0,0,0,0,0,0,0,0,0,0,0,0,0,0,0,0,"1,4880952381","0,496031746",0,"0,9920634921",0,"0,496031746",0,0,0,0,0,0,"0,496031746"
176,Jun 24,0,0,0,0,0,0,0,0,0,0,0,0,0,0,0,0,0,0,0,0,0,0,0,0,0,0,0,0,0,0,0,0,0,0,0,0,0,"0,496031746",0,0,"1,4880952381"
177,Jun 25,0,0,0,0,0,0,0,0,0,0,0,0,0,0,0,0,0,0,0,0,0,0,0,0,0,0,0,0,0,0,0,"0,496031746",0,"0,496031746",0,0,0,0,0,0,"0,496031746"
178,Jun 26,0,0,0,0,0,0,0,0,"0,496031746",0,0,0,0,0,0,0,0,0,0,0,0,0,0,0,0,0,0,0,0,0,0,"0,9920634921",0,"0,9920634921",0,0,0,0,0,0,0
179,Jun 27,0,0,0,0,0,0,0,0,0,0,0,0,0,0,0,0,0,0,0,"0,496031746",0,0,0,0,0,0,0,0,0,0,0,0,0,0,0,0,0,0,0,0,0
180,Jun 28,0,0,0,0,0,0,"0,496031746",0,0,0,0,0,"0,9920634921",0,0,0,0,0,0,0,0,0,0,0,0,0,0,0,"0,9920634921",0,0,"0,9920634921",0,"0,9920634921",0,0,0,"0,496031746",0,0,0
181,Jun 29,0,0,0,0,0,0,"0,496031746",0,0,0,0,0,0,0,0,0,0,0,0,0,0,0,0,0,0,0,0,0,0,0,0,"0,496031746",0,0,0,0,0,0,0,0,"1,4880952381"
182,Jun 30,0,0,0,0,0,0,"0,496031746",0,0,0,0,0,0,0,0,0,0,0,0,0,0,0,0,0,0,0,0,0,0,0,0,"0,9920634921",0,0,0,0,0,0,0,0,0
183,Jul 01,0,0,0,0,0,0,0,0,0,0,0,0,0,0,0,0,0,0,0,0,0,0,0,0,0,0,0,0,0,0,0,0,0,0,0,0,0,0,0,0,0
184,Jul 02,0,0,0,0,0,0,0,0,0,0,0,0,0,0,0,0,0,0,0,0,0,0,0,0,0,0,0,0,"0,496031746","0,9920634921",0,0,0,0,0,0,0,0,0,0,0
185,Jul 03,0,0,0,0,0,0,0,0,0,0,0,0,"0,496031746",0,0,0,0,0,0,0,0,0,0,0,0,0,0,0,0,0,0,0,0,"1,4880952381",0,0,0,0,0,0,"0,496031746"
186,Jul 04,0,0,0,0,0,0,0,0,"0,496031746",0,0,0,0,0,0,0,0,0,0,0,0,0,0,0,0,0,0,0,"1,9841269841",0,0,"3,4722222222",0,0,0,0,0,0,"0,496031746",0,0
187,Jul 05,0,0,0,0,0,0,"0,496031746",0,"0,496031746",0,0,0,"0,496031746",0,0,0,0,0,0,"0,9920634921",0,0,0,0,0,0,0,0,"0,9920634921","0,496031746",0,"0,9920634921",0,0,0,"0,496031746",0,0,0,0,"1,4880952381"
188,Jul 06,0,0,0,0,0,0,0,0,0,0,0,0,0,0,0,0,0,0,0,0,0,0,0,0,0,0,0,0,"0,496031746",0,0,"0,496031746",0,0,0,"0,496031746",0,0,0,0,"1,4880952381"
189,Jul 07,0,0,0,0,0,0,"1,4880952381",0,0,"0,496031746",0,0,0,0,0,0,0,0,0,0,0,0,0,0,0,0,0,0,0,0,0,0,0,0,0,0,0,0,0,0,"0,9920634921"
190,Jul 08,0,0,0,0,0,0,0,0,0,0,0,0,0,0,0,0,0,0,0,0,0,0,0,0,0,0,0,0,0,0,0,"0,9920634921",0,0,0,0,0,0,0,0,"0,496031746"
191,Jul 09,0,0,0,"0,496031746",0,0,0,0,0,0,0,0,0,0,0,0,0,0,0,0,0,0,0,0,0,0,0,0,"0,496031746",0,0,"0,496031746",0,0,0,0,0,"0,496031746",0,0,"1,9841269841"
192,Jul 10,0,0,0,0,0,0,0,0,"2,4801587302",0,0,0,0,0,0,0,0,0,0,0,0,0,0,0,0,0,0,0,"0,496031746",0,0,"0,9920634921",0,0,0,0,0,"0,496031746",0,0,"0,9920634921"
193,Jul 11,0,0,0,0,0,0,"1,4880952381",0,"1,4880952381",0,0,0,0,0,0,0,0,0,0,0,0,0,0,0,0,"0,496031746","0,496031746",0,"0,496031746","0,496031746",0,"2,4801587302",0,0,0,"0,496031746",0,0,0,0,"5,9523809524"
194,Jul 12,0,0,0,0,0,0,"2,4801587302",0,0,0,0,0,0,0,0,0,0,0,0,0,0,0,0,0,0,"0,496031746",0,0,"2,4801587302","0,9920634921",0,"2,4801587302",0,0,0,"0,496031746",0,0,0,0,"6,9444444444"
195,Jul 13,0,0,0,"0,9920634921",0,0,"1,4880952381",0,"0,9920634921","0,9920634921",0,0,0,0,0,0,0,0,0,0,0,0,0,0,0,"0,496031746",0,0,"0,9920634921",0,0,"2,4801587302",0,0,0,0,0,0,0,0,"3,9682539683"
196,Jul 14,0,0,0,"0,496031746",0,0,0,0,0,0,0,0,"0,9920634921","0,496031746",0,0,0,0,0,0,0,0,0,0,0,0,0,0,0,"0,496031746",0,"2,4801587302",0,0,0,0,0,0,0,0,"0,9920634921"
197,Jul 15,0,0,0,0,0,0,0,0,0,0,0,0,0,0,0,0,0,0,0,0,0,0,0,0,0,0,0,0,0,0,0,0,0,0,0,0,0,0,0,0,0
198,Jul 16,0,0,0,0,0,0,0,0,0,0,0,0,0,0,0,0,0,0,0,0,0,0,0,0,0,0,0,0,0,0,0,"0,496031746",0,0,0,0,0,0,0,0,0
199,Jul 17,0,0,0,0,0,0,"0,496031746",0,"0,496031746",0,0,0,0,0,0,0,0,0,0,0,0,0,0,0,0,0,0,0,0,0,0,0,0,0,0,0,0,0,0,0,"0,496031746"
200,Jul 18,0,0,0,0,0,0,"0,496031746",0,0,0,0,0,0,0,0,"3,4722222222",0,0,0,0,0,0,0,0,0,"0,9920634921",0,0,"0,496031746",0,0,"0,496031746",0,0,0,"0,496031746",0,0,0,0,"1,4880952381"
201,Jul 19,0,0,0,"0,496031746","0,496031746",0,0,0,0,"0,496031746",0,0,"0,9920634921",0,0,0,0,0,0,0,0,0,0,"0,496031746",0,0,0,0,"0,9920634921",0,0,0,0,0,0,0,0,0,0,0,"2,4801587302"
202,Jul 20,0,0,0,0,0,0,0,0,0,"0,9920634921",0,0,0,0,0,0,0,0,0,0,0,0,0,0,0,0,0,0,"0,496031746","0,496031746",0,"0,496031746",0,0,0,0,0,"0,496031746",0,0,"5,4563492063"
203,Jul 21,0,0,0,0,0,0,0,0,"0,9920634921",0,0,0,0,0,0,"0,9920634921",0,0,0,0,0,0,0,0,0,"0,496031746",0,0,0,0,0,0,0,0,0,"0,496031746",0,0,0,0,"5,4563492063"
204,Jul 22,0,0,0,0,0,0,0,0,"0,496031746",0,0,0,0,0,0,0,0,0,0,0,0,0,0,0,0,0,0,0,0,0,0,"0,496031746",0,0,0,0,0,0,0,0,"1,4880952381"
205,Jul 23,0,0,0,0,0,0,0,0,0,0,0,0,0,0,0,0,0,0,0,0,0,0,0,0,0,0,0,0,0,"0,9920634921",0,0,0,0,0,0,0,0,0,0,"0,9920634921"
206,Jul 24,0,0,0,0,0,0,0,0,0,0,0,0,0,0,0,"0,496031746",0,0,0,0,0,0,0,0,0,0,0,0,0,0,0,"0,496031746",0,0,0,0,0,0,0,0,0
207,Jul 25,0,0,0,0,0,0,0,0,0,0,0,0,0,0,0,0,0,0,0,0,0,0,0,0,0,0,0,0,0,0,0,0,0,0,0,0,0,0,0,0,"0,496031746"
208,Jul 26,0,0,0,0,"0,496031746",0,"0,496031746",0,"0,496031746",0,0,0,0,0,0,"0,496031746",0,0,0,0,0,0,0,0,0,0,0,0,0,0,0,0,0,0,0,0,0,0,0,0,0
209,Jul 27,0,0,0,0,0,0,0,0,"0,496031746","0,496031746",0,0,0,0,0,0,0,0,0,0,0,0,0,0,0,0,0,0,0,0,0,"0,496031746",0,0,0,0,0,"0,496031746",0,0,"0,496031746"
210,Jul 28,0,0,0,0,"0,9920634921",0,0,0,0,0,0,0,0,0,0,"2,4801587302",0,0,0,0,0,0,0,0,0,0,0,0,0,0,0,0,0,0,0,0,0,0,0,0,"0,9920634921"
211,Jul 29,0,0,0,0,0,0,0,0,0,"0,496031746",0,0,0,0,0,0,0,0,0,0,0,0,0,0,0,0,0,0,0,0,0,0,0,0,0,0,0,0,0,0,0
212,Jul 30,0,0,0,"0,496031746",0,0,0,0,0,0,0,0,0,0,0,0,0,0,0,0,0,0,0,0,0,0,0,0,0,0,0,"0,9920634921",0,0,0,0,0,0,0,0,0
213,Jul 31,0,0,0,0,0,0,0,0,0,0,0,0,0,0,0,0,0,0,0,0,0,0,0,0,0,0,0,0,0,0,0,0,0,0,0,0,0,0,0,0,"0,9920634921"
214,Aug 01,0,0,0,"0,496031746",0,0,0,0,0,0,0,0,0,0,0,0,0,0,0,0,0,0,0,0,0,0,0,0,0,0,0,"0,9920634921",0,0,0,0,0,0,0,0,"0,9920634921"
215,Aug 02,0,0,0,0,"0,9920634921",0,0,0,0,0,0,0,0,0,0,0,0,0,0,0,0,0,0,0,0,0,0,0,0,0,0,"0,496031746",0,0,0,0,0,"0,496031746",0,0,0
216,Aug 03,0,0,0,0,0,0,0,0,0,0,0,0,0,0,0,0,0,0,0,0,0,0,0,0,0,0,0,0,0,0,0,"0,496031746",0,0,0,0,0,0,0,0,0
217,Aug 04,0,0,0,0,0,0,0,0,0,0,0,0,0,0,0,0,0,0,0,0,0,0,0,0,0,0,0,0,0,0,0,0,0,0,0,0,0,0,0,0,0
218,Aug 05,0,0,0,0,0,0,0,0,0,0,0,0,0,0,0,0,0,0,0,0,0,0,0,0,0,0,0,0,0,0,0,0,0,0,0,0,0,0,0,0,"0,496031746"
219,Aug 06,0,0,0,0,0,0,0,0,0,0,0,0,0,0,0,0,0,0,0,0,0,0,0,0,0,0,0,0,0,0,0,0,0,0,0,0,0,0,0,0,0
220,Aug 07,0,0,"1,4880952381",0,"0,496031746",0,"0,496031746",0,0,"0,496031746",0,0,0,0,0,"1,9841269841",0,0,0,0,0,0,0,0,0,0,0,0,0,0,0,0,0,0,0,0,0,"0,496031746",0,0,0
221,Aug 08,0,0,0,0,0,0,"0,9920634921",0,0,"0,496031746",0,0,0,0,0,"0,496031746",0,0,0,0,0,0,0,0,0,"0,496031746",0,0,0,0,0,0,0,0,0,0,0,0,0,0,"0,496031746"
222,Aug 09,0,0,"0,496031746",0,"0,496031746",0,0,0,0,"0,496031746",0,0,0,0,0,0,0,0,0,0,0,0,0,0,0,0,0,0,0,0,0,0,0,0,0,0,0,0,0,0,0
223,Aug 10,0,0,"1,4880952381",0,"0,496031746",0,0,0,0,"0,496031746",0,0,0,0,0,0,0,0,0,"0,496031746",0,0,0,0,0,0,0,0,0,0,0,"0,9920634921",0,0,0,0,0,0,0,0,"0,496031746"
224,Aug 11,0,0,0,0,0,0,"0,496031746",0,0,"0,9920634921",0,0,0,0,0,0,0,0,0,0,0,0,0,0,0,"0,496031746",0,0,0,0,0,"0,496031746",0,0,0,0,0,"0,496031746",0,0,"0,496031746"
225,Aug 12,0,0,"0,496031746",0,0,0,0,0,0,0,0,0,0,0,0,"0,496031746",0,0,0,0,0,0,0,0,0,0,0,0,0,0,0,0,0,0,0,0,0,"0,9920634921",0,0,"1,4880952381"
226,Aug 13,0,0,0,0,0,0,0,0,0,0,0,0,"0,496031746",0,0,0,0,0,0,0,0,0,0,0,0,0,0,0,0,0,0,"0,9920634921",0,0,0,0,0,0,0,0,"4,9603174603"
227,Aug 14,0,0,0,0,0,0,"0,496031746",0,0,0,0,0,0,0,0,0,0,0,0,0,0,0,0,0,0,0,0,0,0,"0,496031746",0,0,0,0,0,0,0,0,0,0,"0,496031746"
228,Aug 15,0,0,0,0,"2,9761904762",0,0,0,0,"0,496031746",0,0,0,0,0,0,0,0,0,0,0,0,0,0,0,0,0,0,"0,496031746",0,0,0,0,0,0,0,0,0,0,0,"0,496031746"
229,Aug 16,0,0,"0,496031746",0,"0,496031746",0,0,0,0,"1,4880952381",0,0,0,0,0,0,0,0,0,0,0,0,0,0,0,0,0,0,0,0,0,0,0,0,0,0,0,0,0,0,"0,496031746"
230,Aug 17,0,0,0,"0,496031746",0,0,"0,9920634921",0,0,"0,496031746",0,0,0,0,0,0,0,0,0,0,0,0,0,0,0,0,0,0,0,0,0,"0,9920634921",0,0,0,0,0,0,0,0,"0,496031746"
231,Aug 18,0,0,0,0,"0,9920634921",0,"0,9920634921",0,0,0,0,0,0,0,0,0,0,0,0,0,0,0,0,0,0,0,0,0,0,0,0,0,0,0,0,0,0,0,0,0,"0,9920634921"
232,Aug 19,0,0,0,0,0,0,"1,9841269841",0,0,"5,9523809524",0,0,0,0,0,0,0,0,0,0,0,0,0,0,0,0,0,0,0,0,0,"0,496031746",0,0,0,0,0,0,0,0,"0,496031746"
233,Aug 20,0,0,0,0,0,0,"0,496031746",0,0,"1,9841269841",0,0,0,0,0,0,0,0,0,0,0,0,0,0,0,0,0,0,0,"0,496031746",0,0,0,0,0,0,0,"0,496031746",0,0,0
234,Aug 21,0,0,"0,496031746",0,0,0,"0,496031746",0,0,0,0,0,0,0,0,0,0,0,0,0,0,0,0,0,0,"0,496031746",0,0,0,0,0,0,0,0,0,0,0,0,0,0,0
235,Aug 22,0,0,"0,496031746",0,0,0,0,0,0,0,0,0,0,0,0,0,0,0,0,0,0,0,0,0,0,0,0,0,0,0,0,0,0,0,0,0,0,0,0,0,0
236,Aug 23,0,0,"0,9920634921",0,0,0,0,0,0,"0,496031746",0,0,0,0,0,"0,496031746",0,0,0,0,0,0,0,0,0,0,0,0,0,0,0,0,0,0,0,0,0,0,0,0,0
237,Aug 24,0,0,"7,4404761905",0,"1,4880952381",0,"0,9920634921",0,0,"0,9920634921",0,0,0,0,0,0,0,0,0,0,0,0,0,0,0,0,0,0,0,0,0,"0,496031746",0,0,0,0,0,0,0,0,"0,496031746"
238,Aug 25,0,0,"3,4722222222",0,"1,4880952381",0,"1,9841269841",0,0,"6,4484126984",0,0,0,"0,496031746",0,0,0,0,0,0,0,0,0,0,0,0,0,0,0,0,0,"0,496031746",0,0,0,0,0,"0,9920634921",0,0,"0,496031746"
239,Aug 26,0,0,"0,9920634921",0,0,0,"2,4801587302",0,0,"0,496031746",0,0,0,0,0,0,0,0,0,0,0,0,0,0,0,0,0,0,0,0,0,0,0,0,0,0,0,"0,496031746",0,0,"0,9920634921"
240,Aug 27,0,0,"1,4880952381",0,0,0,"0,496031746",0,0,"0,9920634921",0,0,0,0,0,0,0,0,0,0,0,0,0,0,0,0,0,0,"0,496031746",0,0,"0,9920634921",0,0,0,0,0,0,0,0,"0,496031746"
241,Aug 28,0,0,0,0,0,0,"0,496031746",0,0,"0,496031746",0,0,0,0,0,0,0,0,0,0,0,0,0,0,0,0,0,0,0,0,0,0,0,0,0,0,0,0,0,0,"0,496031746"
242,Aug 29,0,0,"12,4007936508",0,0,0,"3,4722222222",0,0,"17,3611111111",0,0,0,"0,496031746",0,0,0,0,0,0,0,0,0,0,0,0,0,0,0,0,0,"1,9841269841",0,0,0,0,0,0,0,0,"0,496031746"
243,Aug 30,0,0,"15,376984127",0,"0,496031746",0,"1,9841269841",0,0,"6,9444444444",0,0,0,0,0,0,0,0,0,0,0,0,0,0,0,0,0,0,0,0,0,"3,4722222222",0,0,0,0,0,"0,9920634921",0,0,"0,496031746"
244,Aug 31,0,0,"15,376984127",0,"0,496031746",0,"3,9682539683",0,0,"2,9761904762",0,0,0,0,0,0,0,0,0,0,0,0,0,0,0,0,0,"0,496031746",0,"1,4880952381",0,"0,496031746",0,0,0,0,0,0,0,0,"5,9523809524"
245,Sep 01,0,0,"23,8095238095",0,"0,496031746",0,"0,9920634921",0,0,"3,9682539683",0,0,0,0,0,0,0,0,0,0,0,0,0,0,0,"0,9920634921",0,0,0,"1,9841269841",0,0,0,0,0,0,0,0,0,0,"1,4880952381"
246,Sep 02,0,0,"4,9603174603",0,"0,496031746",0,"2,4801587302",0,0,"1,4880952381",0,0,0,0,0,0,0,0,0,0,0,0,0,0,0,0,0,0,0,0,0,"1,4880952381",0,0,0,0,0,"0,496031746",0,0,"5,4563492063"
247,Sep 03,0,0,"3,9682539683",0,"0,496031746",0,"5,9523809524",0,0,"3,4722222222",0,0,"0,496031746",0,0,0,0,0,0,0,0,0,0,0,0,"0,496031746",0,0,"0,496031746",0,0,"0,9920634921",0,0,0,0,0,"0,496031746",0,0,"0,496031746"
248,Sep 04,0,0,"11,9047619048",0,0,0,0,0,0,"3,9682539683",0,0,0,0,0,0,0,0,0,0,0,0,0,0,0,"0,496031746",0,0,0,"0,496031746",0,"1,4880952381",0,0,0,0,0,"0,496031746",0,0,0
249,Sep 05,0,0,"3,4722222222",0,"0,9920634921",0,"0,496031746",0,0,"6,9444444444",0,0,0,0,0,"0,496031746",0,0,0,0,0,0,0,0,0,0,0,0,0,0,0,"0,496031746",0,0,0,0,0,0,0,0,"0,9920634921"
250,Sep 06,0,0,"0,9920634921",0,"0,496031746",0,"0,9920634921",0,0,"1,4880952381",0,0,0,0,0,"0,9920634921",0,0,0,0,0,0,0,0,0,"0,9920634921",0,0,"0,496031746",0,0,"0,9920634921",0,0,0,0,0,0,0,0,0
251,Sep 07,0,0,0,0,"0,496031746",0,0,0,0,"1,4880952381",0,0,0,0,0,0,0,0,0,0,0,0,0,0,0,"0,9920634921",0,0,0,0,0,"0,9920634921",0,0,0,0,0,0,0,0,0
252,Sep 08,0,0,"1,9841269841",0,0,0,0,0,0,"0,496031746",0,0,"0,496031746",0,0,0,0,0,0,0,0,0,0,0,0,0,0,0,"0,496031746",0,0,"1,4880952381",0,0,0,0,0,0,0,0,"0,496031746"
253,Sep 09,0,0,"4,4642857143",0,0,0,0,0,0,0,0,0,0,0,0,0,0,0,0,0,0,0,0,0,0,0,0,0,0,"0,496031746",0,0,0,0,0,0,0,0,0,0,0
254,Sep 10,0,0,"0,496031746",0,0,0,0,0,0,0,0,0,0,0,0,0,0,0,0,0,0,0,0,0,0,0,0,0,0,0,0,0,0,0,0,0,0,0,0,0,0
255,Sep 11,0,0,"2,9761904762",0,0,0,0,0,0,"0,496031746",0,0,0,0,0,0,0,0,0,0,0,0,0,0,0,0,0,0,0,0,0,"0,9920634921",0,0,0,0,0,0,0,0,0
256,Sep 12,0,0,"4,9603174603",0,0,0,0,0,0,"0,9920634921",0,0,0,0,0,0,0,0,0,0,0,0,0,0,0,0,0,0,0,0,0,"1,9841269841",0,0,0,0,0,0,0,0,"0,496031746"
257,Sep 13,0,0,"5,9523809524",0,"1,9841269841",0,0,0,0,"1,9841269841",0,0,"0,496031746",0,0,0,0,0,0,0,0,0,0,0,0,"1,9841269841",0,0,"0,9920634921","0,9920634921",0,"8,9285714286",0,0,0,0,0,0,0,0,0
258,Sep 14,0,0,"10,9126984127",0,"1,9841269841",0,0,0,0,"6,4484126984",0,0,"1,4880952381",0,0,0,0,0,0,0,0,0,0,0,0,0,0,0,0,0,0,"4,9603174603",0,0,0,0,0,"0,496031746",0,0,0
259,Sep 15,0,0,"3,4722222222",0,"1,9841269841",0,0,0,0,"0,9920634921",0,0,0,0,0,0,0,0,0,0,0,0,0,0,0,0,0,0,0,"0,9920634921",0,"2,9761904762",0,0,0,0,0,0,0,0,"0,496031746"
260,Sep 16,0,0,"4,4642857143",0,"3,4722222222",0,0,0,0,"0,496031746",0,0,0,0,0,0,0,0,0,0,0,0,0,0,0,0,0,0,0,0,0,"0,496031746",0,0,0,0,0,0,0,0,"0,496031746"
261,Sep 17,0,0,"2,9761904762",0,"0,496031746",0,0,0,0,"0,9920634921",0,0,0,0,0,0,0,0,0,0,0,0,0,0,0,0,0,0,0,0,0,"2,4801587302",0,0,0,0,0,0,0,0,0
262,Sep 18,0,0,"0,496031746",0,"0,496031746",0,0,0,0,"0,496031746",0,0,0,0,0,0,0,0,0,0,0,0,0,0,0,0,0,0,0,0,0,"1,4880952381",0,0,0,0,0,0,0,0,0
263,Sep 19,0,0,0,0,"0,496031746",0,0,0,0,0,0,0,0,0,0,0,0,0,0,0,0,0,0,0,0,0,0,0,0,0,0,"0,496031746",0,0,0,0,0,0,0,0,0
264,Sep 20,0,0,"1,4880952381",0,"1,4880952381",0,0,0,0,"2,9761904762","0,496031746",0,"0,496031746",0,0,0,0,0,0,0,0,0,0,0,0,0,0,0,0,0,0,"0,9920634921",0,0,0,0,0,"0,9920634921",0,0,0
265,Sep 21,0,0,0,0,"0,496031746",0,0,0,0,"0,9920634921",0,0,"0,496031746",0,0,0,0,0,0,0,0,0,0,0,0,0,0,0,0,0,0,0,0,0,0,0,0,0,0,0,0
266,Sep 22,0,0,0,0,"1,4880952381",0,0,0,0,0,0,0,0,0,0,0,0,0,0,0,0,0,0,0,0,0,0,0,0,0,0,0,0,0,0,0,0,0,0,0,0
267,Sep 23,0,0,0,0,0,0,0,0,0,0,0,0,0,0,0,0,0,0,0,0,0,0,0,0,0,0,0,0,0,0,0,0,0,0,0,0,0,0,0,0,0
268,Sep 24,0,0,"0,9920634921",0,"0,496031746",0,0,0,0,"0,9920634921",0,0,0,0,0,0,0,0,0,0,0,0,0,0,0,0,0,0,0,0,0,"0,496031746",0,0,0,0,0,0,0,0,0
269,Sep 25,0,0,0,0,"0,9920634921",0,0,0,0,"0,496031746",0,0,0,0,0,0,0,0,0,0,0,0,0,0,0,0,0,0,0,0,0,"0,496031746",0,0,0,0,0,0,0,0,0
270,Sep 26,0,0,"0,496031746",0,"1,4880952381",0,0,0,0,"0,9920634921",0,0,0,0,0,0,0,0,0,0,0,0,0,0,0,0,0,0,0,0,0,"0,9920634921",0,0,0,0,0,0,0,0,0
271,Sep 27,0,0,0,0,"2,9761904762",0,0,0,0,"0,496031746",0,0,0,"0,496031746","0,496031746",0,0,0,0,0,0,0,0,0,0,0,0,0,0,0,0,"1,4880952381",0,0,0,0,0,0,0,0,0
272,Sep 28,0,0,0,0,"1,4880952381",0,0,0,0,"2,9761904762",0,0,"0,496031746",0,0,0,0,0,0,0,0,0,0,0,0,0,0,0,0,0,0,"0,9920634921",0,0,0,0,0,0,0,0,0
273,Sep 29,0,0,0,0,"0,496031746",0,0,0,0,"1,4880952381",0,0,0,0,0,0,0,0,0,0,0,0,0,0,0,"0,496031746",0,0,0,0,0,"1,4880952381",0,0,0,0,0,0,0,0,0
274,Sep 30,0,0,0,0,"0,496031746",0,0,0,0,"0,9920634921",0,0,0,0,0,0,0,0,0,0,0,0,0,0,0,0,0,0,0,0,0,"0,496031746",0,0,0,0,0,0,0,0,0
275,Oct 01,0,0,0,0,"0,496031746",0,0,0,0,0,0,0,0,0,0,0,0,0,0,0,0,0,0,0,0,0,0,0,0,0,0,0,0,0,0,0,0,0,0,0,0
276,Oct 02,0,0,0,0,0,0,0,0,0,0,0,0,0,0,0,0,0,0,0,0,0,0,0,0,0,0,0,0,0,0,0,0,0,0,0,0,0,0,0,0,0
277,Oct 03,0,0,0,0,"1,9841269841",0,0,0,0,"0,496031746",0,0,0,0,"0,9920634921",0,0,0,0,0,0,0,0,0,0,0,0,0,0,0,0,"1,4880952381",0,0,0,0,0,0,0,0,0
278,Oct 04,0,0,0,0,"4,9603174603",0,0,0,0,"0,9920634921",0,0,"0,496031746",0,"0,9920634921",0,0,0,0,0,0,0,1,0,0,0,0,0,"0,496031746",0,0,"2,4801587302",0,0,0,0,0,0,0,0,0
279,Oct 05,0,0,"0,496031746",0,"2,4801587302",0,0,0,0,"1,4880952381",0,0,"0,496031746",0,"6,4484126984",0,0,0,0,0,0,0,0,0,0,0,0,0,"1,9841269841",0,0,"0,9920634921",0,0,0,0,0,0,0,0,0
280,Oct 06,0,0,0,0,"2,9761904762",0,0,0,0,"0,496031746",0,0,0,0,"1,4880952381","1,9841269841",0,0,0,0,0,0,0,0,0,0,0,0,0,0,0,"1,4880952381",0,0,0,"0,496031746",0,0,0,0,0
281,Oct 07,0,0,0,0,0,0,0,0,0,"0,496031746",0,0,0,0,"0,9920634921",0,0,0,0,0,0,0,0,0,0,0,0,0,0,0,0,"1,4880952381",0,0,0,0,0,0,0,0,"0,496031746"
282,Oct 08,0,0,0,0,0,0,0,0,0,0,0,0,0,0,0,0,0,0,0,0,0,0,0,0,0,0,0,0,"0,496031746",0,0,"0,496031746",0,0,0,0,0,0,0,0,0
283,Oct 09,0,0,0,0,"0,496031746",0,0,0,0,"0,496031746",0,0,0,0,"0,496031746",0,0,0,0,0,0,0,0,0,0,0,0,0,0,0,0,0,0,0,0,0,0,0,0,0,0
284,Oct 10,0,0,0,0,"0,496031746",0,0,0,0,0,0,0,0,0,0,0,0,0,0,0,0,0,0,0,0,0,0,0,0,0,0,0,0,0,0,0,0,0,0,0,"0,496031746"
285,Oct 11,0,0,0,0,0,0,0,0,0,0,0,0,0,0,0,0,0,0,0,0,0,0,0,0,0,0,0,0,0,0,0,0,0,0,0,0,0,0,0,0,0
286,Oct 12,0,0,0,0,0,0,0,0,0,0,0,0,0,0,"0,496031746",0,0,0,0,0,0,0,0,0,0,0,0,0,0,0,0,0,0,0,0,0,0,0,0,0,0
287,Oct 13,0,0,0,0,0,0,0,0,0,0,0,0,0,0,"1,4880952381",0,0,0,0,0,0,0,0,0,0,0,0,0,0,0,0,0,0,0,0,0,0,0,0,0,0
288,Oct 14,0,0,0,0,"0,9920634921",0,0,0,0,0,0,0,"0,496031746",0,0,0,0,0,0,0,0,0,0,0,0,0,0,0,0,0,0,"0,496031746",0,0,0,0,0,"0,496031746",0,0,0
289,Oct 15,0,0,0,0,0,0,0,0,0,0,0,0,0,0,"1,9841269841",0,0,0,0,0,0,0,0,0,0,0,0,0,0,0,0,0,0,0,0,0,0,0,0,0,0
290,Oct 16,0,0,0,0,"0,496031746",0,0,0,0,0,0,0,0,0,0,0,0,0,0,0,0,0,0,0,0,0,0,0,0,0,0,0,0,0,0,0,0,0,0,0,0
291,Oct 17,0,0,0,0,0,0,0,0,0,0,0,0,0,0,"1,9841269841",0,0,0,0,0,0,0,0,0,0,0,0,0,0,0,0,0,0,0,0,0,0,0,0,0,0
292,Oct 18,0,0,0,0,"0,496031746",0,0,0,0,0,0,0,0,0,"1,4880952381",0,0,0,0,0,0,0,0,0,0,0,0,0,0,0,0,0,0,0,0,0,0,0,0,0,0
293,Oct 19,0,0,0,0,"0,496031746",0,0,0,0,0,0,0,0,0,0,0,0,0,0,0,0,0,0,0,0,"0,496031746",0,0,0,0,0,"0,496031746",0,0,0,0,0,"0,496031746",0,0,0
294,Oct 20,0,0,0,0,"1,4880952381",0,0,0,0,0,0,0,0,0,"1,4880952381",0,0,0,0,0,0,0,0,0,0,0,0,0,0,0,0,0,0,0,0,0,0,0,0,0,0
295,Oct 21,0,0,0,0,"0,9920634921",0,0,0,0,0,0,0,0,0,"0,496031746",0,0,0,0,0,0,0,0,0,0,0,0,0,0,0,0,"0,496031746",0,0,0,0,0,0,0,0,0
296,Oct 22,0,0,0,0,"0,496031746",0,0,0,0,0,0,0,0,0,0,0,0,0,0,0,0,0,0,0,0,0,0,0,0,0,0,0,0,0,0,0,0,0,0,0,0
297,Oct 23,0,0,0,0,0,0,0,0,0,0,0,0,0,0,"0,496031746",0,0,0,0,0,0,0,0,0,0,0,0,0,0,0,0,0,0,0,0,0,0,0,0,0,0
298,Oct 24,0,0,0,0,0,0,0,0,0,0,0,0,0,0,"0,496031746",0,0,0,0,0,0,0,0,0,0,0,0,0,0,0,0,"0,496031746",0,0,0,0,0,0,0,0,0
299,Oct 25,0,0,0,0,0,0,0,0,0,0,0,0,0,0,0,0,0,0,0,0,0,0,0,0,0,0,0,0,0,0,0,"0,496031746",0,0,0,0,0,0,0,0,0
300,Oct 26,0,0,0,0,0,0,0,0,0,0,0,0,0,0,0,0,0,0,0,0,0,0,0,0,0,0,0,0,0,0,0,"0,496031746",0,0,0,0,0,"1,4880952381",0,0,0
301,Oct 27,0,0,0,0,0,0,0,0,0,0,0,0,0,0,0,0,0,0,0,0,0,0,0,0,0,0,0,0,0,0,0,0,0,0,0,0,0,0,0,0,0
302,Oct 28,0,0,0,0,0,0,0,0,0,0,0,0,"0,9920634921",0,0,0,0,0,0,0,0,0,0,0,0,0,0,0,0,0,0,0,0,0,0,0,0,0,0,0,"0,496031746"
303,Oct 29,0,0,0,0,0,0,0,0,0,0,0,0,0,0,"1,4880952381",0,0,0,0,0,0,0,0,0,0,0,0,0,0,0,0,0,0,0,0,0,0,0,0,0,0
304,Oct 30,0,0,0,0,0,0,0,0,0,0,0,0,0,0,0,0,0,0,0,0,0,0,0,0,0,0,0,0,"0,496031746",0,0,0,0,0,0,0,0,0,0,0,0
305,Oct 31,0,0,0,0,0,0,0,0,0,0,0,0,0,0,0,0,0,0,0,0,0,0,0,0,0,0,0,0,0,0,0,0,0,0,0,0,0,0,0,0,0
306,Nov 01,0,0,0,0,0,0,0,0,0,0,0,0,0,0,0,0,0,0,0,0,0,0,0,0,0,0,0,0,0,0,0,0,0,0,0,0,0,0,0,0,0
307,Nov 02,0,0,0,0,0,0,0,0,0,0,0,0,0,0,0,0,0,0,0,0,0,0,0,0,0,0,0,0,0,0,0,0,0,0,0,0,0,0,0,0,0
308,Nov 03,0,0,0,0,"0,496031746",0,0,0,0,0,0,0,0,0,0,0,0,0,0,0,0,0,0,0,0,0,0,0,0,0,0,"0,496031746",0,0,0,0,0,0,0,0,0
309,Nov 04,0,0,0,0,0,0,0,0,0,0,0,0,0,0,0,0,0,0,0,0,0,0,0,0,0,"0,496031746",0,0,"0,9920634921",0,0,0,0,0,0,0,0,0,0,0,0
310,Nov 05,0,0,0,0,0,0,0,0,0,0,0,0,0,0,0,0,0,0,0,0,0,0,0,0,0,0,0,0,0,0,0,0,0,0,0,0,0,0,0,0,0
311,Nov 06,0,0,0,0,0,0,0,0,0,0,0,0,0,0,0,0,0,0,0,0,0,0,0,0,0,0,0,0,0,0,0,"0,496031746",0,0,0,0,0,0,0,0,0
312,Nov 07,0,0,0,0,0,0,0,0,0,0,0,0,0,0,0,0,0,0,0,0,0,0,0,0,0,0,0,0,0,0,0,0,0,0,0,0,0,0,0,0,0
313,Nov 08,0,0,0,0,0,0,0,0,0,0,0,0,0,0,0,0,0,0,0,0,0,0,0,0,0,0,0,0,0,0,0,0,0,0,0,0,0,0,0,0,0
314,Nov 09,0,0,0,0,0,0,0,0,0,0,0,0,0,0,0,0,0,0,0,0,0,0,0,0,0,0,0,0,0,0,0,0,0,0,0,0,0,0,0,0,0
315,Nov 10,0,0,0,0,0,0,0,0,0,0,0,0,"0,9920634921",0,0,0,0,0,0,0,0,0,0,0,0,0,0,0,0,0,0,0,0,0,0,0,0,0,0,0,0
316,Nov 11,0,0,0,0,0,0,0,0,0,0,0,0,0,0,0,0,0,0,0,0,0,0,0,0,0,0,0,0,0,0,0,0,0,0,0,0,0,0,0,0,0
317,Nov 12,0,0,0,0,0,0,0,0,0,0,0,0,0,0,0,0,0,0,0,0,0,0,0,0,0,0,0,0,0,0,0,0,0,0,0,0,0,0,0,0,0
318,Nov 13,0,0,0,0,0,0,0,0,0,0,0,0,0,0,0,0,0,0,0,0,0,0,0,0,0,0,0,0,0,0,0,0,0,0,0,0,0,0,0,0,0
319,Nov 14,0,0,0,0,0,0,0,0,0,0,0,0,0,0,0,0,0,0,0,0,0,0,0,0,0,0,0,0,0,0,0,0,0,0,0,0,0,0,0,0,0
320,Nov 15,0,0,0,0,0,0,0,0,0,0,0,0,0,0,0,0,0,0,0,0,0,0,0,0,0,0,0,0,0,0,0,0,0,0,0,0,0,0,0,0,0
321,Nov 16,0,0,0,0,0,0,0,0,0,0,0,0,0,0,0,0,0,0,0,0,0,0,0,0,0,0,0,0,0,0,0,0,0,0,0,0,0,0,0,0,0
322,Nov 17,0,0,0,0,0,0,0,0,0,0,0,0,0,0,0,0,0,0,0,0,0,0,0,0,0,0,0,0,0,0,0,0,0,0,0,0,0,0,0,0,0
323,Nov 18,0,0,0,0,0,0,0,0,0,0,0,0,0,0,0,0,0,0,0,0,0,0,0,0,0,0,0,0,0,0,0,0,0,0,0,0,0,0,0,0,0
324,Nov 19,0,0,0,0,0,0,0,0,0,0,0,0,0,0,0,0,0,0,0,0,0,0,0,0,0,0,0,0,0,0,0,0,0,0,0,0,0,0,0,0,0
325,Nov 20,0,0,0,0,0,0,0,0,0,0,0,0,0,0,0,0,0,0,0,0,0,0,0,0,0,0,0,0,0,0,0,0,0,0,0,0,0,0,0,0,0
326,Nov 21,0,0,0,0,0,0,0,0,0,0,0,0,0,0,0,0,0,0,0,0,0,0,0,0,0,0,0,0,0,0,0,0,0,0,0,0,0,0,0,0,0
327,Nov 22,0,0,0,0,0,0,0,0,0,0,0,0,0,0,0,0,0,0,0,0,0,0,0,0,0,0,0,0,0,0,0,0,0,0,0,0,0,0,0,0,0
328,Nov 23,0,0,0,0,0,0,0,0,0,0,0,0,0,0,0,0,0,0,0,0,0,0,0,0,0,0,0,0,0,0,0,0,0,0,0,0,0,0,0,0,0
329,Nov 24,0,0,0,0,0,0,0,0,0,0,0,0,0,0,0,0,0,0,0,0,0,0,0,0,0,0,0,0,0,0,0,0,0,0,0,0,0,0,0,0,0
330,Nov 25,0,0,0,0,0,0,0,0,0,0,0,0,0,0,0,0,0,0,0,0,0,0,0,0,0,0,0,0,0,0,0,0,0,0,0,0,0,0,0,0,0
331,Nov 26,0,0,0,0,0,0,0,0,0,0,0,0,0,0,0,0,0,0,0,0,0,0,0,0,0,0,0,0,0,0,0,0,0,0,0,0,0,0,0,0,0
332,Nov 27,0,0,0,0,0,0,0,0,0,0,0,0,0,0,0,0,0,0,0,0,0,0,0,0,0,0,0,0,0,0,0,0,0,0,0,0,0,0,0,0,0
333,Nov 28,0,0,0,0,0,0,0,0,0,0,0,0,0,0,0,0,0,0,0,0,0,0,0,0,0,0,0,0,0,0,0,0,0,0,0,0,0,0,0,0,0
334,Nov 29,0,0,0,0,0,0,0,0,0,0,0,0,0,0,0,0,0,0,0,0,0,0,0,0,0,0,0,0,0,0,0,0,0,0,0,0,0,0,0,0,0
335,Nov 30,0,0,0,0,0,0,0,0,0,0,0,0,0,0,0,0,0,0,0,0,0,0,0,0,0,0,0,0,0,0,0,0,0,0,0,0,0,0,0,0,0
336,Dec 01,0,0,0,0,0,0,0,0,0,0,0,0,0,0,0,0,0,0,0,0,0,0,0,0,0,0,0,0,0,0,0,0,0,0,0,0,0,0,0,0,0
337,Dec 02,0,0,0,0,0,0,0,0,0,0,0,0,0,0,0,0,0,0,0,0,0,0,0,0,0,0,0,0,0,0,0,0,0,0,0,0,0,0,0,0,0
338,Dec 03,0,0,0,0,0,0,0,0,0,0,0,0,0,0,0,0,0,0,0,0,0,0,0,0,0,0,0,0,0,0,0,0,0,0,0,0,0,0,0,0,0
339,Dec 04,0,0,0,0,0,0,0,0,0,0,0,0,0,0,0,0,0,0,0,0,0,0,0,0,0,0,0,0,0,0,0,0,0,0,0,0,0,0,0,0,0
340,Dec 05,0,0,0,0,0,0,0,0,0,0,0,0,0,0,0,0,0,0,0,0,0,0,0,0,0,0,0,0,0,0,0,0,0,0,0,0,0,0,0,0,0
341,Dec 06,0,0,0,0,0,0,0,0,0,0,0,0,0,0,0,0,0,0,0,0,0,0,0,0,0,0,0,0,0,0,0,0,0,0,0,0,0,0,0,0,0
342,Dec 07,0,0,0,0,0,0,0,0,0,0,0,0,0,0,0,0,0,0,0,0,0,0,0,0,0,0,0,0,0,0,0,0,0,0,0,0,0,0,0,0,0
343,Dec 08,0,0,0,0,0,0,0,0,0,0,0,0,0,0,0,0,0,0,0,0,0,0,0,0,0,0,0,0,0,0,0,0,0,0,0,0,0,0,0,0,0
344,Dec 09,0,0,0,0,0,0,0,0,0,0,0,0,0,0,0,0,0,0,0,0,0,0,0,0,0,0,0,0,0,0,0,0,0,0,0,0,0,0,0,0,0
345,Dec 10,0,0,0,0,0,0,0,0,0,0,0,0,0,0,0,0,0,0,0,0,0,0,0,0,0,0,0,0,0,0,0,0,0,0,0,0,0,0,0,0,0
346,Dec 11,0,0,0,0,0,0,0,0,0,0,0,0,0,0,0,0,0,0,0,0,0,0,0,0,0,0,0,0,0,0,0,0,0,0,0,0,0,0,0,0,0
347,Dec 12,0,0,0,0,0,0,0,0,0,0,0,0,0,0,0,0,0,0,0,0,0,0,0,0,0,0,0,0,0,0,0,0,0,0,0,0,0,0,0,0,0
348,Dec 13,0,0,0,0,0,0,0,0,0,0,0,0,0,0,0,0,0,0,0,0,0,0,0,0,0,0,0,0,0,0,0,0,0,0,0,0,0,0,0,0,0
349,Dec 14,0,0,0,0,0,0,0,0,0,0,0,0,0,0,0,0,0,0,0,0,0,0,0,0,0,0,0,0,0,0,0,0,0,0,0,0,0,0,0,0,0
350,Dec 15,0,0,0,0,0,0,0,0,0,0,0,0,0,0,0,0,0,0,0,0,0,0,0,0,0,0,0,0,0,0,0,0,0,0,0,0,0,0,0,0,0
351,Dec 16,0,0,0,0,0,0,0,0,0,0,0,0,0,0,0,0,0,0,0,0,0,0,0,0,0,0,0,0,0,0,0,0,0,0,0,0,0,0,0,0,0
352,Dec 17,0,0,0,0,0,0,0,0,0,0,0,0,0,0,0,0,0,0,0,0,0,0,0,0,0,0,0,0,0,0,0,0,0,0,0,0,0,0,0,0,0
353,Dec 18,0,0,0,0,0,0,0,0,0,0,0,0,0,0,0,0,0,0,0,0,0,0,0,0,0,0,0,0,0,0,0,0,0,0,0,0,0,0,0,0,0
354,Dec 19,0,0,0,0,0,0,0,0,0,0,0,0,0,0,0,0,0,0,0,0,0,0,0,0,0,0,0,0,0,0,0,0,0,0,0,0,0,0,0,0,0
355,Dec 20,0,0,0,0,0,0,0,0,0,0,0,0,0,0,0,0,0,0,0,0,0,0,0,0,0,0,0,0,0,0,0,0,0,0,0,0,0,0,0,0,0
356,Dec 21,0,0,0,0,0,0,0,0,0,0,0,0,0,0,0,0,0,0,0,0,0,0,0,0,0,0,0,0,0,0,0,0,0,0,0,0,0,0,0,0,0
357,Dec 22,0,0,0,0,0,0,0,0,0,0,0,0,0,0,0,0,0,0,0,0,0,0,0,0,0,0,0,0,0,0,0,0,0,0,0,0,0,0,0,0,0
358,Dec 23,0,0,0,0,0,0,0,0,0,0,0,0,0,0,0,0,0,0,0,0,0,0,0,0,0,0,0,0,0,0,0,0,0,0,0,0,0,0,0,0,0
359,Dec 24,0,0,0,0,0,0,0,0,0,0,0,0,0,0,0,0,0,0,0,0,0,0,0,0,0,0,0,0,0,0,0,0,0,0,0,0,0,0,0,0,0
360,Dec 25,0,0,0,0,0,0,0,0,0,0,0,0,0,0,0,0,0,0,0,0,0,0,0,0,0,0,0,0,0,0,0,0,0,0,0,0,0,0,0,0,0
361,Dec 26,0,0,0,0,0,0,0,0,0,0,0,0,0,0,0,0,0,0,0,0,0,0,0,0,0,0,0,0,0,0,0,0,0,0,0,0,0,0,0,0,0
362,Dec 27,0,0,0,0,0,0,0,0,0,0,0,0,0,0,0,0,0,0,0,0,0,0,0,0,0,0,0,0,0,0,0,0,0,0,0,0,0,0,0,0,0
363,Dec 28,0,0,0,0,0,0,0,0,0,0,0,0,0,0,0,0,0,0,0,0,0,0,0,0,0,0,0,0,0,0,0,0,0,0,0,0,0,0,0,0,0
364,Dec 29,0,0,0,0,0,0,0,0,0,0,0,0,0,0,0,0,0,0,0,0,0,0,0,0,0,0,0,0,0,0,0,0,0,0,0,0,0,0,0,0,0
365,Dec 30,0,0,0,0,0,0,0,0,0,0,0,0,0,0,0,0,0,0,0,0,0,0,0,0,0,0,0,0,0,0,0,0,0,0,0,0,0,0,0,0,0
366,Dec 31,0,0,0,0,0,0,0,0,0,0,0,0,0,0,0,0,0,0,0,0,0,0,0,0,0,0,0,0,,0,0,0,0,0,0,0,0,0,0,0,0
